freq,indic,s_adj,geo\TIME_PERIOD,2023-01_value,2023-01_flag,2023-02_value,2023-02_flag,2023-03_value,2023-03_flag,2023-04_value,2023-04_flag,2023-05_value,2023-05_flag,2023-06_value,2023-06_flag,2023-07_value,2023-07_flag,2023-08_value,2023-08_flag,2023-09_value,2023-09_flag,2023-10_value,2023-10_flag,2023-11_value,2023-11_flag,2023-12_value,2023-12_flag,2024-01_value,2024-01_flag,2024-02_value,2024-02_flag,2024-03_value,2024-03_flag,2024-04_value,2024-04_flag,2024-05_value,2024-05_flag,2024-06_value,2024-06_flag,2024-07_value,2024-07_flag,2024-08_value,2024-08_flag,2024-09_value,2024-09_flag,2024-10_value,2024-10_flag,2024-11_value,2024-11_flag,2024-12_value,2024-12_flag,2025-01_value,2025-01_flag,2025-02_value,2025-02_flag,2025-03_value,2025-03_flag,2025-04_value,2025-04_flag,2025-05_value,2025-05_flag,2025-06_value,2025-06_flag,2025-07_value,2025-07_flag,2025-08_value,2025-08_flag,2025-09_value,2025-09_flag,2025-10_value,2025-10_flag,2025-11_value,2025-11_flag,2025-12_value,2025-12_flag
M,BS-CCI-BAL,NSA,AL,-9.9,,-2.8,,0.8,,-1.4,,2.1,,5.1,,-3.9,,-0.7,,-10.2,,-7.2,,-5.8,,-2.6,,-7.4,,2.5,,-0.5,,-2.7,,-1.3,,0.3,,-0.3,,-0.2,,-3.6,,-5.2,,0.6,,-8.2,,-3.9,,-7.2,,-3.0,,3.2,,-1.3,,-2.0,,-5.9,,-2.4,,-9.7,,-8.6,,-3.5,,-9.5,
M,BS-CCI-BAL,NSA,AT,-5.2,,3.9,,9.4,,4.1,,2.2,,0.2,,-6.7,,-6.1,,-7.0,,-20.7,,-28.0,,-23.0,,-22.1,,-7.7,,-8.4,,-7.3,,-5.6,,-3.9,,-11.8,,-13.5,,-9.0,,-24.4,,-26.0,,-29.8,,-25.3,,-11.0,,-13.5,,-11.1,,-11.5,,-10.0,,-12.2,,-13.7,,-13.5,,-21.8,,-29.6,,-33.5,
M,BS-CCI-BAL,NSA,BE,-2.2,,0.1,,1.7,,1.8,,1.2,,0.9,,-2.5,,-1.1,,-4.9,,-5.0,,-10.2,,-8.5,,-9.8,,-5.0,,-4.6,,-2.0,,-0.2,,-5.7,,-10.2,,-8.8,,-4.3,,-2.9,,-3.5,,-5.5,,-2.7,,-4.6,,-5.2,,-4.6,,-6.9,,-6.8,,-5.4,,-7.9,,-7.9,,-9.3,,-11.4,,-8.8,
M,BS-CCI-BAL,NSA,BG,-10.7,,-11.3,,-4.9,,-4.4,,-0.2,,-1.1,,-2.2,,-2.1,,-4.8,,-3.6,,-4.5,,-2.8,,-1.5,,-3.1,,-2.2,,-2.6,,-4.6,,-2.2,,-3.0,,-4.1,,0.4,,-5.1,,-5.8,,-3.1,,-3.7,,-4.2,,-4.9,,-3.6,,0.8,,6.2,,7.5,,7.2,,1.7,,1.6,,-0.3,,-3.1,
M,BS-CCI-BAL,NSA,CY,-14.8,,-14.5,,-17.5,,-12.8,,-11.1,,-13.4,,-7.8,,-10.8,,-10.1,,-6.1,,1.2,,-3.0,,-6.9,,-2.1,,-3.7,,1.4,,-4.7,,-8.2,,0.2,,2.5,,-1.4,,1.8,,1.0,,-0.3,,-7.7,,2.0,,-1.1,,6.8,,5.3,,7.8,,13.7,,8.5,,5.1,,10.7,,13.9,,13.9,
M,BS-CCI-BAL,NSA,CZ,-15.5,,-14.8,,-13.7,,-13.2,,-13.1,,-11.9,,-16.9,,-15.1,,-16.3,,-16.8,,-11.0,,-16.8,,-8.6,,-7.4,,-7.2,,-12.0,,-12.3,,-12.4,,-9.8,,-12.1,,-11.0,,-10.4,,-5.3,,-7.8,,-6.2,,-3.5,,-1.5,,-1.9,,-3.5,,2.7,,1.7,,1.7,,3.1,,-1.6,,-6.4,,-6.5,
M,BS-CCI-BAL,NSA,DE,-6.4,,-4.7,,-2.2,,-2.7,,-2.9,,-8.7,,-11.7,,-13.5,,-17.4,,-21.1,,-23.8,,-25.7,,-23.1,,-19.5,,-17.5,,-15.2,,-14.9,,-13.5,,-12.4,,-11.7,,-13.2,,-18.0,,-22.8,,-23.2,,-20.4,,-17.1,,-12.2,,-13.9,,-12.6,,-9.6,,-8.3,,-8.2,,-13.5,,-16.3,,-17.7,,-20.1,
M,BS-CCI-BAL,NSA,DK,-21.1,,-19.2,,-11.8,,-13.3,,-7.4,,-8.4,,-7.6,,-8.9,,-9.4,,-14.9,,-14.6,,-18.4,,-19.0,,-10.6,,-14.2,,-8.5,,-6.2,,-8.7,,-4.0,,-6.9,,-7.7,,-10.9,,-13.2,,-11.1,,-14.2,,-11.1,,-9.8,,-9.0,,-7.0,,-6.0,,-7.6,,-7.4,,-9.2,,-10.3,,-15.9,,-15.6,
M,BS-CCI-BAL,NSA,EA20,-1.7,,2.1,,1.9,,3.6,,3.0,,1.2,,0.3,,-3.4,,-3.6,,-5.2,,-6.6,,-6.9,,-6.6,,-5.0,,-3.5,,-2.5,,-2.6,,-3.3,,-2.3,,-4.5,,-3.4,,-4.4,,-7.3,,-9.0,,-5.5,,-3.8,,-3.1,,-2.0,,-1.1,,-0.1,,-0.2,,-2.8,,-2.3,,-3.3,,-4.9,,-6.2,
M,BS-CCI-BAL,NSA,EA21,-1.7,,2.1,,2.0,,3.7,,3.0,,1.3,,0.5,,-3.3,,-3.4,,-4.9,,-6.3,,-6.6,,-6.2,,-4.6,,-3.2,,-2.2,,-2.3,,-3.0,,-2.0,,-4.3,,-3.1,,-4.0,,-6.9,,-8.5,,-5.0,,-3.4,,-2.7,,-1.7,,-0.8,,0.2,,0.1,,-2.6,,-2.0,,-2.8,,-4.4,,-5.6,
M,BS-CCI-BAL,NSA,EE,-21.4,,-17.4,,-19.2,,-7.5,,-13.6,,-12.1,,-18.6,,-21.4,,-28.3,,-25.9,,-24.4,,-25.2,,-20.2,,-22.3,,-17.1,,-14.3,,-10.7,,-10.1,,-12.3,,-17.5,,-24.0,,-25.1,,-25.9,,-32.5,,-28.7,,-21.5,,-14.5,,-12.9,,-12.9,,-12.9,,-4.0,,-12.3,,-13.4,,-10.2,,-11.1,,-10.2,
M,BS-CCI-BAL,NSA,EL,-25.8,,11.7,,22.0,,4.9,,10.6,,-6.6,,-6.8,,-9.7,,-18.6,,7.0,,4.7,,13.0,,22.0,,10.7,,10.7,,-2.8,,4.6,,15.9,,7.6,,7.1,,1.4,,3.1,,-8.2,,11.5,,15.2,,12.1,,18.5,,14.7,,16.0,,24.3,,17.6,,22.1,,9.7,,10.4,,11.7,,14.1,
M,BS-CCI-BAL,NSA,ES,-10.6,,11.2,,6.5,,11.4,,13.6,,17.1,,15.0,,-1.6,,6.7,,9.8,,14.9,,11.0,,-1.4,,5.8,,9.4,,14.4,,16.6,,1.5,,13.8,,-1.1,,9.9,,16.4,,7.7,,0.9,,8.1,,15.9,,12.6,,13.6,,20.1,,19.4,,20.2,,6.4,,18.1,,22.5,,21.1,,14.8,
M,BS-CCI-BAL,NSA,EU27_2020,-4.9,,-1.8,,-1.3,,0.2,,0.4,,-1.5,,-2.6,,-5.5,,-5.9,,-7.6,,-8.9,,-9.3,,-9.0,,-7.1,,-5.8,,-4.2,,-4.3,,-4.6,,-3.7,,-5.7,,-5.5,,-6.5,,-9.0,,-10.9,,-7.5,,-6.2,,-5.1,,-3.4,,-2.2,,-1.5,,-1.9,,-3.9,,-3.9,,-4.8,,-6.1,,-7.7,
M,BS-CCI-BAL,NSA,FI,-28.0,,-20.5,,-15.0,,-18.0,,1.5,,-16.0,,-31.5,,-33.5,,-42.5,,-50.0,,-53.5,,-46.0,,-43.5,,-41.5,,-37.0,,-26.0,,-27.5,,-25.0,,-31.0,,-36.5,,-41.5,,-39.0,,-35.5,,-46.0,,-26.0,,-29.0,,-33.5,,-20.0,,-20.0,,-22.0,,-34.5,,-27.0,,-27.0,,-32.5,,-34.5,,-39.5,
M,BS-CCI-BAL,NSA,FR,0.7,,0.5,,-0.2,,1.1,,-0.7,,-2.3,,-2.7,,-2.4,,-2.1,,-7.2,,-9.6,,-10.4,,-6.2,,-6.2,,-7.2,,-7.8,,-8.9,,-8.3,,-9.7,,-9.5,,-10.0,,-13.0,,-13.5,,-15.8,,-13.4,,-14.5,,-14.5,,-12.6,,-11.1,,-11.3,,-13.2,,-11.8,,-12.6,,-16.7,,-18.9,,-18.0,
M,BS-CCI-BAL,NSA,HR,4.3,,9.2,,16.3,,14.6,,14.1,,12.8,,17.7,,17.5,,15.9,,13.4,,16.2,,13.0,,17.3,,10.8,,15.2,,16.7,,16.2,,16.1,,11.7,,10.7,,15.5,,14.9,,5.3,,13.3,,10.3,,15.4,,12.5,,19.5,,20.3,,13.6,,16.0,,13.9,,12.8,,14.2,,13.5,,10.4,
M,BS-CCI-BAL,NSA,HU,-16.3,,-15.0,,-19.4,,-16.0,,-18.0,,-20.5,,-14.6,,-19.0,,-21.0,,-22.7,,-23.7,,-21.1,,-21.1,,-23.8,,-21.7,,-21.1,,-17.4,,-19.5,,-16.6,,-17.2,,-16.9,,-18.1,,-20.5,,-21.8,,-22.7,,-23.1,,-26.3,,-25.0,,-27.1,,-29.5,,-26.7,,-25.2,,-23.0,,-24.2,,-24.9,,-30.5,
M,BS-CCI-BAL,NSA,IE,17.5,,18.9,,17.8,,17.4,,18.9,,19.3,,20.4,,9.4,,9.5,,14.8,,8.5,,11.2,,15.7,,15.8,,16.7,,18.6,,21.6,,20.4,,18.8,,20.6,,16.3,,8.7,,15.4,,24.8,,20.8,,30.2,,27.1,,23.7,,25.6,,20.3,,30.3,,7.2,,10.9,,17.3,,18.4,,18.3,
M,BS-CCI-BAL,NSA,IT,4.5,,4.0,,4.3,,7.9,,5.3,,5.5,,9.6,,4.8,,5.5,,7.4,,6.5,,6.9,,5.5,,2.7,,4.9,,3.2,,1.8,,4.8,,5.2,,3.4,,2.5,,5.0,,2.3,,1.2,,2.9,,1.8,,3.7,,3.4,,2.2,,3.8,,3.9,,1.3,,2.1,,4.4,,3.4,,1.4,
M,BS-CCI-BAL,NSA,LT,-6.4,,-10.5,,-6.8,,-5.0,,-5.2,,-8.3,,-9.2,,-13.0,,-15.2,,-17.1,,-20.6,,-26.1,,-22.0,,-21.7,,-17.5,,-14.0,,-11.6,,-9.6,,-6.8,,-7.5,,-12.7,,-16.6,,-17.1,,-20.3,,-19.0,,-15.3,,-11.2,,-8.3,,-3.8,,-5.2,,-7.8,,-12.6,,-13.2,,-14.1,,-15.7,,-18.4,
M,BS-CCI-BAL,NSA,LU,4.4,,2.2,,4.2,,-1.8,,-2.9,,-5.1,,1.9,,-8.1,,-6.7,,-16.7,,-8.8,,-14.6,,-6.7,,-23.1,,-17.4,,-26.0,,-22.3,,-20.2,,-15.8,,-23.0,,-20.7,,-28.4,,-37.4,,-38.4,,-37.4,,-30.3,,-28.3,,-24.3,,-23.4,,-19.6,,-18.8,,-15.6,,-19.4,,-12.9,,-19.7,,-20.2,
M,BS-CCI-BAL,NSA,LV,-15.9,,-7.9,,-4.4,,-0.4,,-1.7,,-2.2,,-6.0,,-8.5,,-14.4,,-22.0,,-22.7,,-28.5,,-15.5,,-12.5,,-5.7,,-6.5,,-4.8,,-8.3,,-10.1,,-11.7,,-14.8,,-20.2,,-25.8,,-25.5,,-15.6,,-8.0,,-2.6,,-2.5,,1.9,,-0.3,,-3.7,,-6.7,,-9.6,,-12.1,,-17.4,,-22.1,
M,BS-CCI-BAL,NSA,ME,0.3,,2.5,,0.3,,7.8,,10.3,,10.8,,3.5,,7.0,,11.5,,4.1,,5.5,,8.0,,10.3,,8.0,,11.5,,9.3,,13.3,,10.8,,9.5,,15.3,,9.3,,13.7,,11.0,,11.3,,8.0,,9.0,,13.3,,11.8,,12.0,,5.0,,3.0,,2.5,,1.0,,2.0,,1.0,,1.0,
M,BS-CCI-BAL,NSA,MK,-15.8,,-17.9,,-19.5,,-9.2,,-12.8,,-9.1,,-7.8,,-7.5,,-8.7,,-7.2,,-12.5,,-9.2,,-9.4,,-8.3,,-3.0,,-5.6,,-1.9,,-6.2,,-2.6,,-0.2,,-5.8,,-7.4,,-5.7,,-7.4,,-6.3,,-7.0,,-9.2,,-5.7,,-4.5,,-8.7,,-4.0,,-5.0,,-8.0,,-3.4,,-5.7,,-4.2,
M,BS-CCI-BAL,NSA,MT,2.9,,17.5,,-0.2,,24.7,,22.5,,8.4,,-11.7,,-14.1,,-2.7,,-11.9,,2.8,,-23.4,,9.6,,14.8,,29.1,,3.2,,-1.1,,-30.4,,-40.1,,-15.2,,-5.7,,-14.5,,8.4,,-18.4,,6.2,,2.6,,0.0,,24.4,,16.8,,46.5,,-4.0,,-10.4,,6.6,,-3.6,,43.4,,51.9,
M,BS-CCI-BAL,NSA,NL,12.4,,11.8,,5.2,,9.3,,5.4,,3.2,,3.9,,3.5,,2.3,,2.6,,1.5,,5.3,,6.0,,6.5,,7.4,,9.0,,6.8,,10.7,,11.7,,11.2,,14.7,,12.1,,12.0,,14.4,,17.3,,15.5,,14.2,,20.6,,16.5,,18.0,,20.7,,18.4,,19.1,,17.8,,16.4,,22.6,
M,BS-CCI-BAL,NSA,PL,-27.8,,-27.7,,-24.8,,-22.5,,-21.3,,-19.2,,-18.1,,-17.7,,-17.6,,-17.8,,-18.7,,-20.0,,-19.5,,-18.9,,-16.7,,-15.8,,-14.8,,-14.5,,-13.9,,-14.5,,-14.9,,-15.7,,-17.1,,-18.4,,-20.0,,-19.2,,-18.8,,-17.7,,-17.1,,-17.4,,-15.4,,-16.3,,-15.6,,-16.4,,-17.7,,-18.4,
M,BS-CCI-BAL,NSA,PT,-3.6,,-4.5,,-3.6,,0.4,,-0.5,,2.9,,1.4,,-2.8,,-2.5,,-2.9,,-3.3,,-4.7,,-4.0,,-3.4,,-4.4,,-4.2,,-3.1,,-2.7,,-4.1,,-3.3,,-3.8,,-0.3,,1.2,,3.6,,4.2,,5.3,,3.3,,2.9,,4.8,,5.7,,3.6,,2.5,,2.1,,2.6,,2.7,,1.2,
M,BS-CCI-BAL,NSA,RO,-14.1,,-12.5,,-8.0,,-6.7,,0.7,,-0.1,,-1.3,,-3.3,,-5.7,,-7.8,,-9.4,,-12.5,,-12.8,,-8.7,,-5.2,,-2.3,,-0.7,,-1.9,,-2.0,,-1.7,,-4.0,,-8.2,,-9.7,,-13.2,,-12.8,,-12.2,,-6.8,,-3.9,,-4.3,,-5.6,,-5.9,,-5.5,,-10.0,,-13.2,,-14.3,,-18.8,
M,BS-CCI-BAL,NSA,RS,-4.1,,-6.2,,-3.4,,-2.2,,-2.8,,-1.8,,-5.1,,0.7,,-2.4,,-2.2,,-0.6,,-8.8,,-5.4,,-4.6,,3.3,,-2.0,,0.3,,-0.5,,-0.2,,1.5,,-1.1,,-3.7,,-2.9,,-2.7,,-6.3,,-7.9,,-1.3,,-8.6,,-3.8,,-3.9,,-6.3,,-8.2,,-7.6,,-7.9,,-12.0,,-9.5,
M,BS-CCI-BAL,NSA,SE,-16.0,,-19.5,,-14.0,,-17.0,,-6.9,,-18.7,,-28.7,,-23.8,,-28.3,,-32.6,,-36.0,,-33.6,,-38.7,,-31.1,,-31.3,,-18.1,,-23.1,,-14.9,,-17.9,,-17.7,,-32.5,,-33.6,,-33.9,,-41.9,,-29.2,,-32.3,,-23.8,,-9.6,,-1.9,,-3.3,,-12.6,,-7.7,,-16.5,,-16.4,,-9.7,,-18.6,
M,BS-CCI-BAL,NSA,SI,14.8,,15.9,,12.5,,19.3,,17.6,,18.8,,17.9,,9.8,,15.0,,10.0,,5.9,,8.7,,9.4,,4.9,,10.0,,6.6,,11.1,,9.2,,6.6,,8.4,,7.3,,7.2,,5.5,,-3.6,,0.6,,4.4,,10.9,,13.5,,10.1,,9.3,,10.9,,5.6,,15.5,,11.0,,10.4,,4.8,
M,BS-CCI-BAL,NSA,SK,-6.0,,-8.5,,-5.5,,0.5,,-2.0,,-0.5,,-1.5,,-2.5,,-9.5,,-14.0,,-19.5,,-16.5,,-10.0,,-9.0,,-7.5,,-8.0,,-4.0,,-7.0,,-0.5,,-6.0,,-7.5,,-10.5,,-15.0,,-14.0,,-7.0,,-10.5,,-6.0,,-6.0,,-4.0,,3.0,,1.0,,-3.0,,-4.0,,-7.0,,-9.5,,-7.5,
M,BS-CCI-BAL,NSA,TR,-9.1,,-9.6,,-8.1,,-7.3,,-3.9,,-8.7,,-10.1,,-12.0,,-13.3,,-14.3,,-13.0,,-17.1,,-10.5,,-7.1,,-8.7,,-7.8,,-8.6,,-10.5,,-11.9,,-11.9,,-13.9,,-16.7,,-15.3,,-14.4,,-9.6,,-9.6,,-8.4,,-11.8,,-8.2,,-11.4,,-9.8,,-14.9,,-13.3,,-19.8,,-18.4,,-19.5,
M,BS-CCI-BAL,SA,AL,-7.8,,-2.1,,-0.4,,-2.2,,-1.0,,2.5,,-4.4,,-2.5,,-8.7,,-5.3,,-6.4,,2.1,,-5.1,,2.8,,-1.9,,-4.1,,-4.0,,-2.1,,-0.6,,-2.0,,-2.0,,-3.2,,-0.4,,-3.3,,-1.7,,-6.7,,-4.6,,1.3,,-4.1,,-4.3,,-5.9,,-4.3,,-8.0,,-6.5,,-4.7,,-4.4,
M,BS-CCI-BAL,SA,AT,2.5,,-2.1,,1.1,,-3.4,,-5.8,,-8.7,,-10.9,,-10.3,,-9.7,,-12.0,,-11.1,,-7.7,,-13.9,,-13.4,,-16.0,,-14.5,,-13.5,,-12.7,,-15.9,,-17.5,,-12.1,,-16.1,,-10.1,,-14.7,,-16.8,,-16.6,,-20.6,,-18.1,,-19.2,,-18.6,,-16.3,,-17.7,,-16.7,,-13.8,,-14.2,,-18.4,
M,BS-CCI-BAL,SA,BE,-0.6,,1.2,,1.3,,0.7,,-0.3,,0.1,,-4.3,,-2.3,,-5.6,,-4.6,,-8.0,,-6.2,,-8.3,,-3.9,,-5.0,,-3.2,,-1.7,,-6.5,,-11.9,,-9.9,,-5.0,,-2.5,,-1.3,,-3.2,,-1.2,,-3.6,,-5.6,,-5.7,,-8.4,,-7.6,,-7.2,,-9.0,,-8.7,,-8.9,,-9.2,,-6.5,
M,BS-CCI-BAL,SA,BG,-7.6,,-9.6,,-4.3,,-5.2,,-3.2,,-4.7,,-4.6,,-3.9,,-5.2,,-2.7,,-2.0,,0.7,,1.5,,-1.4,,-1.6,,-3.4,,-7.5,,-5.7,,-5.4,,-5.8,,-0.1,,-4.2,,-3.2,,0.3,,-0.7,,-2.5,,-4.2,,-4.3,,-2.2,,2.6,,5.0,,5.3,,1.1,,2.4,,2.2,,0.4,
M,BS-CCI-BAL,SA,CY,-14.8,,-14.5,,-17.5,,-12.8,,-11.1,,-13.4,,-7.8,,-10.8,,-10.1,,-6.1,,1.2,,-3.0,,-6.9,,-2.1,,-3.7,,1.4,,-4.7,,-8.2,,0.2,,2.5,,-1.4,,1.8,,1.0,,-0.3,,-7.7,,2.0,,-1.1,,6.8,,5.3,,7.8,,13.7,,8.5,,5.1,,10.7,,13.9,,13.9,
M,BS-CCI-BAL,SA,CZ,-14.3,,-15.7,,-16.4,,-15.5,,-15.1,,-14.1,,-17.5,,-14.2,,-15.1,,-14.4,,-9.7,,-12.7,,-7.7,,-8.9,,-10.2,,-13.3,,-13.1,,-14.0,,-10.8,,-11.9,,-10.5,,-8.5,,-3.2,,-3.8,,-4.9,,-4.6,,-4.2,,-2.9,,-3.7,,0.6,,-0.3,,1.0,,2.3,,-0.5,,-4.0,,-2.8,
M,BS-CCI-BAL,SA,DE,-1.9,,-4.2,,-5.0,,-6.1,,-7.3,,-12.9,,-15.6,,-17.1,,-18.2,,-18.0,,-17.7,,-17.1,,-18.2,,-18.1,,-19.4,,-17.6,,-18.5,,-17.5,,-17.0,,-16.5,,-15.2,,-15.7,,-17.1,,-14.6,,-15.3,,-15.4,,-14.1,,-16.3,,-16.2,,-13.8,,-13.0,,-12.7,,-14.9,,-13.7,,-12.4,,-11.9,
M,BS-CCI-BAL,SA,DK,-15.3,,-17.8,,-12.5,,-15.5,,-12.3,,-11.9,,-12.2,,-11.7,,-11.3,,-13.1,,-9.7,,-12.8,,-13.1,,-9.4,,-14.0,,-10.2,,-10.6,,-11.9,,-8.5,,-9.7,,-9.4,,-9.4,,-8.6,,-6.4,,-8.7,,-10.0,,-9.3,,-10.5,,-11.0,,-9.4,,-11.7,,-10.1,,-10.7,,-9.3,,-11.0,,-10.9,
M,BS-CCI-BAL,SA,EA20,1.8,,2.2,,1.4,,1.4,,0.4,,-1.3,,-2.6,,-4.2,,-4.6,,-4.2,,-3.1,,-2.4,,-3.6,,-4.4,,-4.3,,-4.7,,-4.8,,-5.9,,-5.3,,-5.2,,-4.4,,-3.8,,-3.9,,-3.8,,-3.0,,-3.4,,-3.6,,-4.0,,-3.4,,-2.9,,-3.1,,-3.5,,-3.3,,-2.5,,-1.6,,-1.3,
M,BS-CCI-BAL,SA,EA21,1.8,,2.2,,1.5,,1.5,,0.5,,-1.2,,-2.4,,-4.0,,-4.4,,-3.9,,-2.9,,-2.1,,-3.2,,-4.0,,-4.0,,-4.3,,-4.5,,-5.6,,-5.0,,-4.9,,-4.1,,-3.4,,-3.5,,-3.5,,-2.5,,-3.0,,-3.2,,-3.6,,-3.0,,-2.5,,-2.8,,-3.1,,-3.0,,-2.2,,-1.2,,-0.9,
M,BS-CCI-BAL,SA,EE,-17.9,,-16.4,,-18.8,,-14.3,,-19.6,,-18.1,,-22.2,,-21.6,,-23.3,,-22.5,,-20.0,,-18.5,,-17.2,,-20.3,,-20.5,,-18.6,,-16.8,,-16.5,,-16.9,,-18.5,,-19.8,,-21.2,,-21.1,,-25.2,,-23.9,,-20.7,,-16.7,,-18.7,,-18.0,,-17.3,,-10.8,,-11.9,,-9.1,,-7.3,,-6.4,,-3.9,
M,BS-CCI-BAL,SA,EL,-27.9,,8.8,,19.3,,5.0,,11.7,,-7.6,,-5.8,,-6.1,,-15.5,,3.9,,6.0,,14.7,,19.7,,7.7,,7.9,,-2.7,,5.6,,14.7,,8.8,,11.0,,4.5,,0.1,,-6.7,,13.1,,12.7,,9.2,,15.8,,14.8,,17.0,,23.0,,19.0,,26.1,,12.6,,7.5,,13.3,,15.8,
M,BS-CCI-BAL,SA,ES,-6.8,,11.7,,5.8,,10.3,,11.6,,14.2,,13.3,,1.0,,4.6,,7.6,,16.0,,15.4,,2.4,,6.2,,8.8,,13.2,,14.6,,-1.3,,12.0,,1.5,,7.9,,14.1,,8.8,,5.4,,11.9,,16.2,,12.0,,12.4,,18.1,,16.7,,18.5,,8.9,,16.2,,20.2,,22.1,,19.3,
M,BS-CCI-BAL,SA,EU27_2020,-1.4,,-1.1,,-1.7,,-1.7,,-2.2,,-4.3,,-5.6,,-6.8,,-7.1,,-6.7,,-5.5,,-4.5,,-5.7,,-6.2,,-6.3,,-6.1,,-6.4,,-7.8,,-6.6,,-7.1,,-6.7,,-5.6,,-5.9,,-5.9,,-4.4,,-5.4,,-5.3,,-5.2,,-4.8,,-4.3,,-5.0,,-5.1,,-4.9,,-4.2,,-2.8,,-2.8,
M,BS-CCI-BAL,SA,FI,-25.4,,-21.6,,-17.1,,-27.2,,-9.0,,-25.7,,-33.0,,-32.8,,-37.5,,-42.5,,-44.0,,-36.5,,-41.3,,-42.5,,-38.9,,-35.5,,-38.1,,-34.9,,-32.7,,-35.7,,-36.4,,-31.6,,-26.0,,-36.0,,-24.2,,-29.9,,-35.2,,-29.6,,-30.6,,-32.0,,-36.1,,-26.2,,-21.9,,-25.2,,-25.1,,-29.2,
M,BS-CCI-BAL,SA,FR,1.5,,1.2,,-0.1,,-0.5,,-1.6,,-3.0,,-4.3,,-4.2,,-3.5,,-5.9,,-7.1,,-7.9,,-5.3,,-5.5,,-7.3,,-9.2,,-9.8,,-9.3,,-11.0,,-11.4,,-11.4,,-11.5,,-11.1,,-13.1,,-12.5,,-13.8,,-14.6,,-13.9,,-12.2,,-12.2,,-14.5,,-13.9,,-13.9,,-15.2,,-16.6,,-15.2,
M,BS-CCI-BAL,SA,HR,6.3,,10.0,,14.9,,11.6,,11.3,,12.4,,18.2,,16.7,,15.1,,13.0,,18.6,,17.0,,19.2,,11.6,,13.8,,13.7,,13.2,,15.8,,12.1,,10.1,,14.7,,14.5,,7.7,,17.2,,12.2,,16.1,,11.3,,16.4,,17.3,,13.3,,16.4,,13.3,,12.0,,13.9,,15.9,,14.2,
M,BS-CCI-BAL,SA,HU,-13.0,,-13.0,,-17.6,,-16.6,,-18.8,,-22.6,,-17.7,,-20.5,,-24.2,,-22.5,,-22.9,,-18.1,,-17.8,,-21.8,,-19.7,,-21.5,,-17.9,,-21.1,,-19.8,,-18.7,,-20.1,,-18.4,,-20.2,,-19.1,,-19.3,,-21.1,,-24.2,,-25.2,,-27.5,,-30.7,,-29.7,,-26.7,,-26.2,,-24.8,,-24.8,,-27.7,
M,BS-CCI-BAL,SA,IE,16.8,,16.6,,16.4,,16.2,,15.4,,16.5,,17.4,,12.9,,12.9,,16.6,,12.2,,13.7,,14.9,,13.4,,15.3,,17.4,,18.1,,17.8,,15.8,,24.2,,19.8,,10.6,,18.9,,27.3,,20.0,,27.7,,25.6,,22.5,,22.1,,17.6,,27.2,,11.0,,14.5,,19.2,,21.8,,20.8,
M,BS-CCI-BAL,SA,IT,4.3,,3.4,,3.6,,6.8,,5.4,,5.4,,9.3,,4.5,,5.5,,7.7,,7.5,,8.7,,5.4,,2.0,,4.2,,2.2,,1.8,,4.6,,4.9,,3.1,,2.5,,5.3,,3.3,,3.0,,2.7,,1.2,,3.1,,2.3,,2.3,,3.6,,3.6,,1.0,,2.1,,4.7,,4.3,,3.2,
M,BS-CCI-BAL,SA,LT,-3.0,,-9.8,,-9.1,,-9.9,,-10.8,,-13.8,,-13.9,,-14.6,,-15.3,,-13.9,,-14.0,,-16.3,,-18.3,,-20.6,,-19.4,,-18.5,,-17.2,,-15.0,,-11.6,,-9.2,,-12.8,,-13.5,,-10.8,,-10.9,,-15.1,,-14.0,,-13.0,,-12.7,,-9.4,,-10.6,,-12.6,,-14.2,,-13.1,,-11.0,,-9.6,,-9.2,
M,BS-CCI-BAL,SA,LU,5.3,,6.7,,5.9,,-1.4,,-4.1,,-6.7,,-1.5,,-11.2,,-8.7,,-17.0,,-7.2,,-12.3,,-5.5,,-18.5,,-15.7,,-25.3,,-23.3,,-22.0,,-19.3,,-26.3,,-23.0,,-29.3,,-35.6,,-35.8,,-35.7,,-25.8,,-26.6,,-23.5,,-24.2,,-21.4,,-22.3,,-18.9,,-21.6,,-14.2,,-18.2,,-17.9,
M,BS-CCI-BAL,SA,LV,-11.7,,-10.4,,-9.6,,-8.1,,-11.0,,-11.0,,-12.1,,-12.0,,-11.9,,-13.5,,-10.9,,-12.8,,-11.3,,-14.7,,-11.5,,-14.3,,-14.2,,-16.3,,-15.5,,-14.6,,-12.5,,-12.3,,-14.1,,-10.1,,-11.2,,-10.4,,-8.6,,-10.3,,-7.6,,-8.3,,-8.7,,-9.1,,-7.4,,-4.8,,-5.9,,-7.0,
M,BS-CCI-BAL,SA,ME,4.5,,3.6,,-1.9,,5.8,,10.0,,10.7,,3.3,,6.6,,11.1,,5.3,,7.0,,8.2,,9.8,,7.4,,10.4,,7.8,,12.8,,12.3,,11.0,,14.9,,8.4,,13.4,,11.4,,11.6,,7.7,,7.8,,11.2,,9.8,,11.1,,5.8,,4.6,,4.1,,2.5,,2.9,,1.6,,1.3,
M,BS-CCI-BAL,SA,MK,-12.6,,-17.1,,-17.9,,-10.9,,-15.5,,-10.8,,-10.3,,-10.2,,-8.9,,-7.0,,-10.6,,-5.6,,-6.1,,-7.4,,-1.5,,-7.3,,-4.5,,-7.6,,-5.0,,-3.0,,-5.8,,-7.3,,-3.9,,-4.1,,-3.0,,-6.1,,-7.8,,-7.4,,-7.0,,-9.9,,-6.3,,-7.7,,-7.9,,-3.4,,-4.0,,-1.0,
M,BS-CCI-BAL,SA,MT,2.9,,17.5,,-0.2,,24.7,,22.5,,8.4,,-11.7,,-14.1,,-2.7,,-11.9,,2.8,,-23.4,,9.6,,14.8,,29.1,,3.2,,-1.1,,-30.4,,-40.1,,-15.2,,-5.7,,-14.5,,8.4,,-18.4,,6.2,,2.6,,0.0,,24.4,,16.8,,46.5,,-4.0,,-10.4,,6.6,,-3.6,,43.4,,51.9,
M,BS-CCI-BAL,SA,NL,12.6,,11.3,,6.0,,8.0,,5.6,,2.8,,2.4,,2.4,,1.3,,2.7,,3.9,,7.4,,6.0,,6.2,,8.4,,7.7,,7.1,,10.3,,10.1,,10.1,,13.6,,12.2,,14.4,,16.3,,17.3,,15.3,,15.2,,19.3,,16.8,,17.6,,19.0,,17.3,,18.0,,17.9,,18.8,,24.4,
M,BS-CCI-BAL,SA,PL,-24.3,,-24.7,,-23.2,,-22.4,,-22.6,,-20.9,,-20.7,,-20.1,,-19.5,,-18.7,,-17.9,,-17.8,,-16.4,,-16.2,,-15.3,,-15.8,,-15.8,,-15.9,,-16.3,,-16.6,,-16.8,,-16.7,,-16.4,,-16.4,,-17.1,,-16.7,,-17.3,,-17.6,,-17.9,,-18.6,,-17.7,,-18.3,,-17.4,,-17.4,,-17.1,,-16.5,
M,BS-CCI-BAL,SA,PT,-3.6,,-5.3,,-3.9,,0.1,,-1.2,,2.1,,1.1,,-2.7,,-2.1,,-2.1,,-2.1,,-3.8,,-4.1,,-4.3,,-4.7,,-4.5,,-3.9,,-3.4,,-4.4,,-3.2,,-3.4,,0.5,,2.3,,4.5,,4.2,,4.5,,3.1,,2.6,,4.0,,4.9,,3.3,,2.6,,2.4,,3.4,,3.9,,2.1,
M,BS-CCI-BAL,SA,RO,-8.2,,-9.0,,-7.9,,-8.6,,-5.4,,-5.8,,-5.6,,-6.2,,-6.7,,-5.7,,-6.3,,-6.1,,-6.5,,-4.9,,-5.7,,-5.3,,-6.1,,-6.1,,-5.9,,-5.6,,-5.2,,-6.1,,-6.5,,-6.5,,-6.7,,-8.2,,-7.8,,-7.8,,-8.9,,-9.3,,-9.7,,-9.8,,-10.9,,-10.9,,-10.9,,-11.6,
M,BS-CCI-BAL,SA,RS,-1.9,,-3.4,,-4.5,,-2.0,,-4.7,,-4.1,,-6.3,,-1.7,,-3.1,,-1.9,,0.1,,-5.3,,-3.2,,-1.7,,2.0,,-1.6,,-1.6,,-2.8,,-1.3,,-0.8,,-1.8,,-3.4,,-2.2,,0.5,,-4.2,,-5.1,,-2.8,,-8.0,,-5.7,,-6.2,,-7.3,,-10.3,,-8.3,,-7.7,,-11.1,,-6.5,
M,BS-CCI-BAL,SA,SE,-8.5,,-15.3,,-14.3,,-20.9,,-15.1,,-27.1,,-35.1,,-28.3,,-28.7,,-28.0,,-28.4,,-25.1,,-31.2,,-26.8,,-31.6,,-22.1,,-31.4,,-23.3,,-24.4,,-22.3,,-32.9,,-29.0,,-26.4,,-33.4,,-21.6,,-28.0,,-24.0,,-13.6,,-10.2,,-11.7,,-19.1,,-12.3,,-16.9,,-11.7,,-2.2,,-10.1,
M,BS-CCI-BAL,SA,SI,19.3,,19.1,,13.4,,16.7,,13.5,,13.1,,13.2,,8.2,,12.5,,9.5,,10.9,,16.6,,13.9,,8.1,,10.8,,4.0,,7.1,,3.8,,2.1,,7.0,,4.7,,6.7,,10.2,,4.2,,5.1,,7.6,,11.5,,10.8,,6.1,,4.0,,6.5,,4.3,,12.9,,10.4,,15.0,,12.6,
M,BS-CCI-BAL,SA,SK,-2.0,,-5.6,,-5.8,,-2.1,,-6.9,,-5.5,,-8.3,,-6.2,,-10.3,,-11.1,,-13.4,,-8.2,,-6.3,,-5.9,,-7.9,,-10.4,,-8.9,,-12.0,,-7.3,,-9.6,,-8.3,,-7.7,,-8.8,,-5.9,,-3.4,,-7.2,,-6.5,,-8.3,,-9.0,,-2.0,,-5.8,,-6.5,,-4.7,,-4.3,,-3.5,,0.3,
M,BS-CCI-BAL,SA,TR,-9.0,,-10.4,,-10.7,,-10.4,,-7.5,,-10.6,,-11.8,,-12.1,,-11.9,,-10.8,,-9.3,,-12.0,,-10.6,,-8.0,,-11.2,,-10.6,,-12.1,,-12.3,,-13.6,,-11.9,,-12.5,,-13.2,,-11.8,,-9.5,,-9.8,,-10.6,,-10.9,,-14.4,,-11.7,,-13.1,,-11.6,,-14.9,,-12.0,,-16.2,,-14.8,,-14.6,
M,BS-CSMCI-BAL,NSA,AL,-16.3,,-17.0,,-15.6,,-16.0,,-14.8,,-13.3,,-14.6,,-15.2,,-14.1,,-13.1,,-13.9,,-12.7,,-12.8,,-14.6,,-14.3,,-10.2,,-13.2,,-12.9,,-12.5,,-11.5,,-11.4,,-11.8,,-9.6,,-10.6,,-13.4,,-12.7,,-9.7,,-11.6,,-10.6,,-10.2,,-11.1,,-11.4,,-11.7,,-12.0,,-11.1,,-10.6,
M,BS-CSMCI-BAL,NSA,AT,-24.0,,-22.9,,-23.0,,-23.6,,-24.3,,-21.9,,-20.9,,-22.4,,-25.4,,-24.3,,-22.9,,-18.5,,-18.1,,-15.9,,-16.2,,-13.2,,-14.9,,-12.2,,-14.4,,-13.1,,-14.1,,-16.1,,-19.2,,-19.7,,-18.6,,-18.4,,-16.1,,-21.3,,-18.2,,-18.0,,-16.8,,-14.3,,-19.1,,-18.3,,-18.4,,-16.7,
M,BS-CSMCI-BAL,NSA,BE,-15.4,,-13.1,,-14.0,,-12.1,,-13.5,,-12.2,,-9.8,,-10.6,,-12.3,,-14.4,,-11.7,,-8.6,,-10.7,,-11.9,,-11.1,,-10.5,,-10.1,,-6.5,,-8.5,,-7.1,,-9.7,,-10.2,,-13.1,,-13.8,,-13.2,,-12.4,,-15.9,,-19.4,,-13.4,,-11.2,,-10.7,,-11.6,,-9.6,,-14.9,,-13.2,,-15.5,
M,BS-CSMCI-BAL,NSA,BG,-29.7,,-27.0,,-25.6,,-22.6,,-22.1,,-22.0,,-19.0,,-20.2,,-22.1,,-19.4,,-19.9,,-18.4,,-18.7,,-20.6,,-18.8,,-19.8,,-18.1,,-14.3,,-19.1,,-18.3,,-15.6,,-16.3,,-19.4,,-21.2,,-22.7,,-18.8,,-21.0,,-21.5,,-19.3,,-19.4,,-19.5,,-20.9,,-19.5,,-23.5,,-24.0,,-27.5,
M,BS-CSMCI-BAL,NSA,CY,-20.6,,-18.1,,-17.8,,-25.1,,-25.6,,-19.9,,-22.1,,-24.1,,-28.0,,-27.9,,-27.3,,-21.8,,-21.8,,-26.5,,-23.7,,-26.5,,-25.3,,-20.7,,-22.1,,-27.0,,-25.5,,-27.3,,-22.2,,-15.0,,-16.6,,-18.7,,-16.4,,-17.0,,-15.5,,-14.8,,-19.4,,-13.3,,-12.1,,-16.2,,-14.3,,-10.2,
M,BS-CSMCI-BAL,NSA,CZ,-21.3,,-17.5,,-21.9,,-19.0,,-19.2,,-20.2,,-15.7,,-15.3,,-19.1,,-18.1,,-22.8,,-25.5,,-16.7,,-13.6,,-12.7,,-10.0,,-10.0,,-9.7,,-12.2,,-11.3,,-11.7,,-11.5,,-14.1,,-13.0,,-11.8,,-10.6,,-12.3,,-14.2,,-8.8,,-8.6,,-5.7,,-8.8,,-7.1,,-4.2,,-3.3,,-3.4,
M,BS-CSMCI-BAL,NSA,DE,-19.2,,-15.8,,-17.1,,-13.3,,-13.0,,-13.7,,-13.5,,-15.2,,-15.9,,-15.5,,-16.5,,-14.0,,-17.3,,-14.3,,-13.4,,-10.1,,-9.8,,-9.9,,-7.7,,-9.9,,-11.0,,-9.0,,-11.4,,-10.5,,-11.9,,-11.4,,-10.1,,-10.7,,-8.7,,-8.8,,-8.4,,-10.6,,-9.3,,-10.9,,-11.5,,-12.0,
M,BS-CSMCI-BAL,NSA,DK,-13.1,,-12.9,,-11.7,,-8.3,,-5.6,,-3.7,,-4.4,,-5.0,,-7.4,,-7.7,,-6.3,,-7.9,,-4.4,,-3.8,,-5.0,,-5.8,,-2.5,,-1.6,,-3.0,,-4.5,,-4.1,,-6.6,,-6.2,,-9.5,,-8.0,,-11.4,,-12.1,,-13.9,,-13.5,,-12.3,,-11.9,,-13.6,,-14.8,,-13.7,,-13.9,,-12.4,
M,BS-CSMCI-BAL,NSA,EA20,-19.4,,-17.9,,-17.9,,-15.8,,-15.0,,-13.3,,-12.9,,-14.2,,-16.5,,-17.7,,-16.8,,-14.7,,-14.6,,-14.3,,-13.6,,-12.9,,-11.9,,-11.2,,-10.6,,-11.5,,-11.5,,-12.1,,-13.3,,-13.5,,-12.5,,-12.5,,-13.4,,-15.1,,-12.7,,-12.5,,-12.5,,-13.6,,-13.3,,-13.6,,-14.0,,-14.1,
M,BS-CSMCI-BAL,NSA,EA21,-19.5,,-17.9,,-18.0,,-15.8,,-15.0,,-13.4,,-12.9,,-14.3,,-16.5,,-17.7,,-16.8,,-14.8,,-14.6,,-14.3,,-13.6,,-13.0,,-11.9,,-11.2,,-10.6,,-11.5,,-11.5,,-12.2,,-13.3,,-13.6,,-12.5,,-12.5,,-13.4,,-15.1,,-12.8,,-12.6,,-12.6,,-13.6,,-13.3,,-13.7,,-14.0,,-14.2,
M,BS-CSMCI-BAL,NSA,EE,-31.3,,-24.7,,-25.2,,-25.8,,-30.5,,-28.7,,-29.7,,-29.8,,-30.2,,-35.3,,-35.3,,-34.1,,-33.8,,-34.8,,-33.8,,-28.5,,-27.0,,-27.4,,-28.2,,-36.2,,-33.6,,-36.5,,-34.5,,-36.8,,-38.8,,-38.2,,-35.1,,-35.9,,-35.0,,-34.9,,-38.6,,-37.5,,-34.1,,-30.7,,-27.6,,-26.1,
M,BS-CSMCI-BAL,NSA,EL,-41.4,,-47.4,,-41.1,,-44.6,,-34.5,,-31.0,,-28.6,,-35.4,,-45.0,,-44.7,,-45.6,,-40.3,,-46.3,,-47.2,,-44.7,,-41.7,,-43.8,,-42.7,,-43.9,,-48.1,,-51.3,,-50.3,,-47.3,,-44.5,,-43.4,,-42.0,,-43.8,,-46.8,,-42.7,,-46.9,,-47.6,,-48.8,,-45.6,,-47.6,,-50.6,,-47.0,
M,BS-CSMCI-BAL,NSA,ES,-10.1,,-9.2,,-12.2,,-7.3,,-7.0,,-1.7,,2.4,,-1.7,,-9.1,,-9.3,,-8.9,,-6.9,,-6.7,,-5.4,,-4.2,,-1.6,,-0.8,,0.4,,1.0,,-1.9,,-0.5,,-2.3,,-1.2,,1.1,,0.7,,-1.3,,-3.0,,-4.2,,-1.1,,-1.3,,-2.6,,-1.8,,-1.5,,-1.7,,-2.7,,-2.6,
M,BS-CSMCI-BAL,NSA,EU27_2020,-19.7,,-18.3,,-18.3,,-16.0,,-14.8,,-13.3,,-12.7,,-14.0,,-16.0,,-17.1,,-16.2,,-14.4,,-13.6,,-13.3,,-12.6,,-12.0,,-10.9,,-10.0,,-9.9,,-10.7,,-10.5,,-11.3,,-12.3,,-12.8,,-11.9,,-11.9,,-12.9,,-14.5,,-12.2,,-12.1,,-12.4,,-13.1,,-12.9,,-13.3,,-13.6,,-13.6,
M,BS-CSMCI-BAL,NSA,FI,-12.7,,-11.9,,-10.8,,-7.9,,-8.8,,-8.8,,-8.9,,-8.0,,-11.6,,-12.5,,-12.4,,-13.3,,-9.2,,-9.5,,-9.4,,-12.6,,-10.3,,-7.6,,-7.3,,-7.2,,-8.0,,-6.8,,-7.4,,-8.6,,-8.4,,-9.0,,-8.2,,-7.4,,-8.5,,-8.6,,-6.4,,-7.6,,-6.7,,-7.6,,-6.5,,-7.3,
M,BS-CSMCI-BAL,NSA,FR,-20.7,,-21.8,,-20.7,,-18.8,,-15.6,,-12.7,,-12.8,,-14.2,,-15.8,,-18.2,,-15.2,,-15.3,,-11.7,,-14.9,,-13.5,,-15.4,,-12.2,,-12.4,,-14.0,,-12.3,,-11.5,,-14.2,,-16.9,,-19.6,,-14.1,,-13.4,,-14.9,,-16.4,,-16.1,,-15.4,,-15.5,,-17.9,,-19.3,,-16.9,,-17.5,,-18.1,
M,BS-CSMCI-BAL,NSA,HR,-21.0,,-17.8,,-22.4,,-18.4,,-16.0,,-14.4,,-18.0,,-19.5,,-17.4,,-15.7,,-12.3,,-12.4,,-10.2,,-11.0,,-9.9,,-8.9,,-5.9,,-10.4,,-11.0,,-13.6,,-15.2,,-16.5,,-12.3,,-14.3,,-15.4,,-16.6,,-14.4,,-14.5,,-13.3,,-10.5,,-11.1,,-12.1,,-14.3,,-10.2,,-9.8,,-7.7,
M,BS-CSMCI-BAL,NSA,HU,-45.8,,-41.1,,-34.1,,-32.8,,-36.5,,-32.5,,-34.7,,-32.1,,-34.6,,-32.1,,-31.8,,-30.6,,-18.8,,-26.5,,-23.1,,-24.5,,-24.2,,-23.0,,-23.6,,-23.2,,-25.8,,-26.5,,-29.4,,-28.4,,-28.7,,-27.6,,-25.7,,-25.8,,-26.4,,-27.8,,-28.7,,-27.2,,-25.5,,-24.4,,-25.6,,-21.2,
M,BS-CSMCI-BAL,NSA,IE,-20.2,,-17.7,,-18.5,,-15.8,,-13.0,,-12.1,,-13.1,,-14.8,,-18.0,,-17.2,,-15.7,,-14.0,,-5.8,,-9.1,,-10.4,,-10.5,,-11.8,,-8.3,,-7.1,,-7.2,,-6.3,,-1.6,,-4.1,,-4.8,,-4.6,,-11.5,,-14.1,,-21.0,,-16.9,,-12.9,,-17.6,,-16.4,,-17.3,,-19.4,,-18.5,,-17.6,
M,BS-CSMCI-BAL,NSA,IT,-18.1,,-16.4,,-14.9,,-15.1,,-16.0,,-14.3,,-15.8,,-15.6,,-16.8,,-20.7,,-19.3,,-16.8,,-16.1,,-15.9,,-16.9,,-19.2,,-18.1,,-16.0,,-14.4,,-16.3,,-15.3,,-16.0,,-14.9,,-16.2,,-14.8,,-13.5,,-16.9,,-19.4,,-15.7,,-16.2,,-16.4,,-16.4,,-15.4,,-16.4,,-17.5,,-17.0,
M,BS-CSMCI-BAL,NSA,LT,-4.5,,-3.4,,-0.7,,0.2,,-0.8,,-2.8,,-0.5,,-1.6,,1.0,,-1.7,,-1.4,,0.8,,2.9,,3.1,,3.9,,3.7,,6.4,,6.6,,4.4,,5.3,,4.6,,6.4,,6.0,,5.3,,5.6,,4.1,,1.6,,0.1,,0.3,,0.5,,0.0,,2.1,,2.3,,2.4,,2.3,,0.5,
M,BS-CSMCI-BAL,NSA,LU,-15.6,,-16.6,,-13.7,,-18.8,,-15.3,,-12.4,,-17.8,,-13.7,,-16.5,,-17.1,,-17.0,,-13.7,,-11.7,,-12.8,,-10.2,,-8.5,,-10.6,,-8.7,,-12.1,,-13.4,,-10.3,,-9.5,,-14.4,,-12.8,,-7.8,,-11.4,,-13.0,,-15.9,,-6.9,,-11.9,,-9.4,,-9.0,,-10.1,,-10.0,,-6.1,,-9.0,
M,BS-CSMCI-BAL,NSA,LV,-32.4,,-27.1,,-23.3,,-24.4,,-18.1,,-21.5,,-15.3,,-18.1,,-11.9,,-18.1,,-23.6,,-16.8,,-12.9,,-11.7,,-15.6,,-13.2,,-11.6,,-12.9,,-12.6,,-9.5,,-8.2,,-10.5,,-7.1,,-12.1,,-16.1,,-13.1,,-13.7,,-15.5,,-15.5,,-11.1,,-9.3,,-14.6,,-14.3,,-4.6,,-6.4,,-8.3,
M,BS-CSMCI-BAL,NSA,ME,-6.1,,-1.2,,-6.4,,5.1,,7.6,,7.2,,2.9,,2.0,,-6.9,,-4.5,,1.3,,5.3,,2.0,,-1.3,,0.6,,1.5,,3.5,,0.7,,-3.2,,-3.0,,-0.9,,-0.6,,2.5,,2.3,,-0.7,,-3.0,,-3.4,,-4.2,,-0.5,,0.4,,-5.1,,-7.9,,-8.4,,-6.0,,-9.3,,-5.4,
M,BS-CSMCI-BAL,NSA,MK,-27.1,,-27.5,,-27.8,,-25.5,,-26.9,,-26.2,,-26.1,,-26.9,,-26.7,,-29.2,,-24.2,,-15.5,,-13.3,,-13.9,,-14.5,,-7.1,,1.6,,-1.2,,-1.1,,-1.9,,-6.6,,0.1,,-0.1,,-2.5,,3.1,,-4.4,,-6.0,,-4.2,,-3.0,,0.9,,2.0,,-1.4,,-1.2,,-1.5,,0.5,,-7.0,
M,BS-CSMCI-BAL,NSA,MT,-10.3,,-6.6,,-10.5,,-6.5,,-9.3,,-9.9,,-12.1,,-13.1,,-10.1,,-16.8,,-12.7,,-12.9,,-12.2,,-4.1,,-7.1,,-8.7,,-8.4,,-3.2,,-6.5,,-8.6,,-4.9,,-6.1,,-0.7,,-2.6,,3.1,,2.1,,-2.1,,-3.1,,0.4,,1.0,,2.5,,1.1,,1.8,,3.3,,7.9,,4.7,
M,BS-CSMCI-BAL,NSA,NL,-22.8,,-17.9,,-17.4,,-16.6,,-18.9,,-18.3,,-18.1,,-15.9,,-18.2,,-19.9,,-16.1,,-12.6,,-12.2,,-11.3,,-10.0,,-11.1,,-10.7,,-11.3,,-10.4,,-9.5,,-8.1,,-13.4,,-14.8,,-13.8,,-13.4,,-16.3,,-17.2,,-19.0,,-16.9,,-15.4,,-13.4,,-13.6,,-14.3,,-13.9,,-9.9,,-11.0,
M,BS-CSMCI-BAL,NSA,PL,-13.4,,-17.5,,-17.1,,-13.2,,-5.3,,-6.7,,-3.4,,-4.5,,-4.7,,-4.6,,-1.4,,-3.0,,1.6,,1.2,,1.9,,1.3,,3.7,,3.5,,0.0,,-1.5,,1.0,,-1.8,,-1.2,,-3.2,,-2.7,,-0.8,,-0.9,,1.1,,1.8,,2.8,,-2.5,,1.3,,-1.0,,-4.7,,-4.5,,-1.4,
M,BS-CSMCI-BAL,NSA,PT,-35.4,,-32.5,,-32.3,,-30.2,,-27.0,,-23.2,,-20.9,,-21.6,,-26.1,,-27.7,,-30.8,,-26.0,,-23.9,,-23.2,,-20.7,,-17.4,,-17.6,,-16.5,,-12.3,,-14.1,,-12.8,,-14.7,,-14.5,,-15.7,,-15.2,,-15.0,,-18.0,,-20.6,,-16.0,,-16.0,,-15.1,,-17.5,,-17.1,,-13.2,,-15.2,,-15.1,
M,BS-CSMCI-BAL,NSA,RO,-28.1,,-27.1,,-25.9,,-22.5,,-19.1,,-16.5,,-16.6,,-18.0,,-15.9,,-18.7,,-20.4,,-17.3,,-16.9,,-17.2,,-16.3,,-13.8,,-15.1,,-9.9,,-14.9,,-11.8,,-11.5,,-12.8,,-9.7,,-11.4,,-19.7,,-17.0,,-18.2,,-18.5,,-14.6,,-24.1,,-32.1,,-31.6,,-31.5,,-31.4,,-30.8,,-30.3,
M,BS-CSMCI-BAL,NSA,RS,-10.3,,-8.3,,-6.5,,-8.4,,-7.4,,-3.8,,-6.5,,-6.3,,-3.7,,-6.5,,-2.4,,1.8,,1.8,,-1.1,,1.9,,1.2,,2.6,,4.0,,0.6,,2.3,,2.2,,0.4,,-1.5,,-2.5,,-0.6,,-3.8,,-2.6,,-3.3,,-4.8,,-3.0,,-6.7,,-5.2,,-3.9,,-4.9,,-2.4,,-6.2,
M,BS-CSMCI-BAL,NSA,SE,-23.5,,-20.6,,-21.4,,-17.9,,-15.2,,-13.5,,-14.3,,-16.9,,-17.8,,-18.2,,-16.8,,-13.9,,-8.6,,-6.9,,-5.4,,-4.6,,-1.3,,0.2,,0.2,,1.0,,2.2,,0.4,,1.0,,-2.5,,0.3,,-2.6,,-8.3,,-13.8,,-10.1,,-7.5,,-5.4,,-6.0,,-4.2,,-3.8,,-4.1,,-4.7,
M,BS-CSMCI-BAL,NSA,SI,-34.6,,-33.8,,-32.5,,-30.2,,-29.3,,-33.5,,-32.1,,-33.2,,-33.0,,-33.5,,-33.4,,-31.9,,-27.3,,-29.0,,-28.7,,-25.2,,-25.3,,-22.7,,-23.7,,-23.4,,-28.1,,-29.0,,-31.6,,-27.3,,-27.9,,-31.5,,-27.7,,-29.1,,-23.6,,-24.7,,-27.5,,-25.7,,-24.7,,-25.8,,-25.1,,-25.0,
M,BS-CSMCI-BAL,NSA,SK,-30.8,,-30.4,,-27.3,,-24.9,,-25.2,,-21.2,,-19.4,,-19.4,,-18.9,,-20.0,,-18.8,,-17.2,,-15.7,,-16.5,,-15.3,,-14.7,,-12.9,,-12.0,,-11.7,,-12.5,,-14.6,,-21.3,,-21.6,,-22.9,,-24.0,,-23.9,,-21.8,,-22.8,,-21.7,,-20.2,,-18.1,,-19.2,,-19.2,,-23.9,,-24.8,,-24.5,
M,BS-CSMCI-BAL,NSA,TR,-21.0,,-17.6,,-19.8,,-12.6,,-9.0,,-15.0,,-20.2,,-32.1,,-28.9,,-25.4,,-24.7,,-22.5,,-19.9,,-20.9,,-20.9,,-19.7,,-19.7,,-21.9,,-24.7,,-23.9,,-21.8,,-19.9,,-20.5,,-18.9,,-19.2,,-18.3,,-14.3,,-16.5,,-15.5,,-15.2,,-17.1,,-16.2,,-16.2,,-16.5,,-15.3,,-16.6,
M,BS-CSMCI-BAL,SA,AL,-16.3,,-17.0,,-16.4,,-15.3,,-14.8,,-13.3,,-14.6,,-15.2,,-14.1,,-13.1,,-13.9,,-12.7,,-12.8,,-14.6,,-13.5,,-10.9,,-13.2,,-12.9,,-12.5,,-11.5,,-11.4,,-11.8,,-9.6,,-10.6,,-13.4,,-12.7,,-10.5,,-10.9,,-10.6,,-10.2,,-11.1,,-11.4,,-11.7,,-12.0,,-11.1,,-10.6,
M,BS-CSMCI-BAL,SA,AT,-24.6,,-23.5,,-23.4,,-23.6,,-24.6,,-22.3,,-21.1,,-22.2,,-25.0,,-23.7,,-22.0,,-17.9,,-18.7,,-16.5,,-16.6,,-13.2,,-15.2,,-12.6,,-14.6,,-12.9,,-13.7,,-15.6,,-18.3,,-19.1,,-19.2,,-19.0,,-16.5,,-21.3,,-18.5,,-18.4,,-17.0,,-14.1,,-18.7,,-17.7,,-17.5,,-16.0,
M,BS-CSMCI-BAL,SA,BE,-15.8,,-13.1,,-14.0,,-12.0,,-14.6,,-13.9,,-11.2,,-11.7,,-12.4,,-12.5,,-9.8,,-7.0,,-11.1,,-11.9,,-11.1,,-10.4,,-11.2,,-8.1,,-9.9,,-8.3,,-9.7,,-8.2,,-11.2,,-12.1,,-13.6,,-12.4,,-15.9,,-19.3,,-14.4,,-12.8,,-12.1,,-12.7,,-9.7,,-13.0,,-11.3,,-13.8,
M,BS-CSMCI-BAL,SA,BG,-29.6,,-26.8,,-24.8,,-22.4,,-22.4,,-22.6,,-19.4,,-20.7,,-22.6,,-19.9,,-19.3,,-17.6,,-18.6,,-20.4,,-18.0,,-19.6,,-18.3,,-15.0,,-19.5,,-18.8,,-16.2,,-16.7,,-18.8,,-20.4,,-22.6,,-18.6,,-20.2,,-21.3,,-19.6,,-20.0,,-19.9,,-21.4,,-20.0,,-23.9,,-23.5,,-26.8,
M,BS-CSMCI-BAL,SA,CY,-21.2,,-18.4,,-17.9,,-25.2,,-25.8,,-20.0,,-21.9,,-24.2,,-28.0,,-27.4,,-26.6,,-21.7,,-22.4,,-26.7,,-23.9,,-26.6,,-25.6,,-20.7,,-21.9,,-27.1,,-25.5,,-26.8,,-21.5,,-15.0,,-17.1,,-18.9,,-16.6,,-17.1,,-15.8,,-14.8,,-19.1,,-13.4,,-12.1,,-15.8,,-13.6,,-10.2,
M,BS-CSMCI-BAL,SA,CZ,-21.4,,-17.5,,-21.8,,-19.6,,-19.6,,-20.5,,-15.9,,-15.8,,-19.3,,-17.5,,-22.0,,-24.5,,-16.8,,-13.7,,-12.6,,-10.5,,-10.4,,-10.0,,-12.5,,-11.8,,-11.9,,-10.9,,-13.4,,-12.0,,-11.9,,-10.7,,-12.2,,-14.7,,-9.3,,-8.9,,-6.0,,-9.3,,-7.3,,-3.6,,-2.6,,-2.4,
M,BS-CSMCI-BAL,SA,DE,-19.9,,-16.8,,-17.8,,-14.4,,-14.0,,-14.2,,-14.0,,-14.8,,-15.3,,-15.2,,-16.3,,-13.8,,-16.5,,-13.7,,-13.1,,-10.3,,-10.5,,-10.4,,-8.5,,-10.0,,-10.8,,-8.9,,-10.7,,-10.2,,-11.3,,-11.3,,-10.4,,-10.6,,-9.2,,-9.9,,-8.9,,-10.4,,-9.0,,-10.5,,-11.1,,-11.5,
M,BS-CSMCI-BAL,SA,DK,-13.5,,-12.6,,-11.4,,-8.8,,-6.6,,-4.9,,-5.3,,-5.4,,-7.1,,-6.7,,-5.2,,-6.6,,-4.7,,-3.5,,-4.7,,-6.3,,-3.4,,-2.7,,-3.9,,-5.0,,-3.8,,-5.6,,-5.1,,-8.3,,-8.3,,-11.1,,-11.8,,-14.4,,-14.4,,-13.4,,-12.8,,-14.0,,-14.5,,-12.8,,-12.8,,-11.2,
M,BS-CSMCI-BAL,SA,EA20,-19.3,,-17.6,,-17.8,,-15.9,,-15.9,,-14.7,,-13.8,,-14.7,,-16.5,,-16.6,,-15.6,,-13.7,,-14.5,,-14.0,,-13.4,,-13.1,,-12.8,,-12.5,,-11.5,,-11.9,,-11.5,,-11.0,,-12.1,,-12.5,,-12.3,,-12.3,,-13.2,,-15.2,,-13.7,,-13.9,,-13.4,,-14.0,,-13.4,,-12.5,,-12.8,,-13.1,
M,BS-CSMCI-BAL,SA,EA21,-19.4,,-17.7,,-17.8,,-16.0,,-15.9,,-14.8,,-13.8,,-14.7,,-16.6,,-16.6,,-15.6,,-13.7,,-14.5,,-14.1,,-13.4,,-13.1,,-12.9,,-12.5,,-11.5,,-12.0,,-11.5,,-11.1,,-12.1,,-12.5,,-12.4,,-12.3,,-13.3,,-15.3,,-13.7,,-14.0,,-13.5,,-14.0,,-13.4,,-12.6,,-12.8,,-13.2,
M,BS-CSMCI-BAL,SA,EE,-32.8,,-26.4,,-27.1,,-27.5,,-31.4,,-29.1,,-30.1,,-29.6,,-29.8,,-33.7,,-33.8,,-32.3,,-33.6,,-34.4,,-34.1,,-30.0,,-28.7,,-28.9,,-29.2,,-35.7,,-33.2,,-35.5,,-33.9,,-35.8,,-38.7,,-37.8,,-35.4,,-36.7,,-35.6,,-34.9,,-38.0,,-36.1,,-33.5,,-30.0,,-27.7,,-26.1,
M,BS-CSMCI-BAL,SA,EL,-41.4,,-47.4,,-41.1,,-44.6,,-34.5,,-31.0,,-28.6,,-35.4,,-45.0,,-44.7,,-45.6,,-40.3,,-46.3,,-47.2,,-44.7,,-41.7,,-43.8,,-42.7,,-43.9,,-48.1,,-51.3,,-50.3,,-47.3,,-44.5,,-43.4,,-42.0,,-43.8,,-46.8,,-42.7,,-46.9,,-47.6,,-48.8,,-45.6,,-47.6,,-50.6,,-47.0,
M,BS-CSMCI-BAL,SA,ES,-10.1,,-8.9,,-11.6,,-7.6,,-8.1,,-4.0,,0.1,,-3.0,,-8.3,,-7.2,,-7.1,,-6.2,,-6.6,,-4.7,,-3.3,,-2.0,,-2.0,,-1.8,,-1.0,,-2.8,,0.0,,-0.4,,0.6,,1.8,,0.6,,-1.0,,-2.0,,-4.5,,-2.4,,-3.0,,-4.5,,-2.7,,-0.9,,0.0,,-0.8,,-1.7,
M,BS-CSMCI-BAL,SA,EU27_2020,-19.6,,-18.1,,-18.2,,-16.2,,-15.7,,-14.7,,-13.6,,-14.3,,-16.1,,-16.0,,-15.0,,-13.3,,-13.5,,-13.2,,-12.5,,-12.2,,-11.8,,-11.5,,-10.8,,-11.0,,-10.5,,-10.2,,-11.0,,-11.7,,-11.8,,-11.7,,-12.7,,-14.6,,-13.1,,-13.5,,-13.3,,-13.4,,-13.0,,-12.2,,-12.4,,-12.5,
M,BS-CSMCI-BAL,SA,FI,-12.7,,-12.1,,-10.9,,-8.2,,-9.1,,-8.8,,-9.2,,-8.2,,-11.6,,-12.3,,-12.0,,-12.5,,-9.1,,-9.7,,-9.5,,-12.9,,-10.5,,-7.5,,-7.6,,-7.4,,-8.1,,-6.5,,-7.0,,-7.8,,-8.4,,-9.2,,-8.3,,-7.7,,-8.7,,-8.6,,-6.8,,-7.8,,-6.7,,-7.3,,-6.2,,-6.5,
M,BS-CSMCI-BAL,SA,FR,-20.6,,-21.4,,-20.6,,-18.9,,-17.1,,-14.8,,-14.1,,-14.8,,-15.8,,-16.7,,-13.5,,-13.4,,-11.6,,-14.6,,-13.4,,-15.5,,-13.7,,-14.5,,-15.3,,-12.9,,-11.6,,-12.8,,-15.2,,-17.7,,-14.0,,-13.0,,-14.8,,-16.5,,-17.6,,-17.5,,-16.8,,-18.5,,-19.3,,-15.5,,-15.8,,-16.2,
M,BS-CSMCI-BAL,SA,HR,-22.0,,-18.7,,-22.2,,-19.1,,-16.6,,-15.0,,-17.3,,-18.3,,-16.6,,-15.0,,-12.2,,-12.2,,-11.0,,-11.6,,-10.1,,-9.6,,-6.7,,-11.2,,-11.3,,-13.1,,-14.8,,-16.1,,-12.3,,-14.0,,-15.7,,-15.9,,-13.7,,-14.1,,-13.4,,-11.1,,-11.3,,-11.8,,-14.0,,-9.9,,-10.0,,-8.1,
M,BS-CSMCI-BAL,SA,HU,-45.0,,-41.1,,-35.4,,-34.3,,-38.4,,-34.0,,-35.1,,-31.3,,-34.0,,-31.1,,-30.0,,-29.1,,-18.0,,-26.0,,-25.0,,-26.0,,-25.7,,-24.9,,-24.1,,-22.5,,-24.9,,-25.0,,-28.4,,-26.7,,-27.5,,-27.7,,-27.1,,-27.5,,-27.8,,-29.5,,-28.8,,-27.1,,-24.7,,-23.0,,-24.4,,-19.5,
M,BS-CSMCI-BAL,SA,IE,-22.1,,-18.1,,-18.3,,-15.8,,-13.8,,-13.4,,-13.0,,-14.6,,-16.8,,-15.7,,-14.8,,-13.8,,-7.7,,-9.6,,-10.3,,-10.5,,-12.6,,-9.6,,-7.0,,-7.0,,-5.1,,-0.1,,-3.1,,-4.6,,-6.5,,-11.9,,-13.9,,-21.0,,-17.6,,-14.2,,-17.5,,-16.2,,-16.1,,-17.9,,-17.5,,-17.4,
M,BS-CSMCI-BAL,SA,IT,-18.2,,-16.6,,-14.7,,-14.8,,-16.4,,-15.4,,-16.4,,-16.0,,-17.1,,-19.6,,-18.2,,-16.2,,-16.1,,-16.1,,-16.7,,-18.9,,-18.6,,-17.1,,-15.0,,-16.7,,-15.6,,-14.9,,-13.9,,-15.7,,-14.9,,-13.8,,-16.6,,-19.1,,-16.2,,-17.3,,-17.0,,-16.8,,-15.7,,-15.4,,-16.4,,-16.4,
M,BS-CSMCI-BAL,SA,LT,-4.8,,-3.5,,-1.4,,-0.4,,-1.7,,-3.7,,-1.3,,-1.8,,1.1,,-0.4,,-0.2,,2.2,,2.4,,2.9,,3.6,,3.4,,5.9,,5.7,,3.9,,5.1,,4.7,,7.1,,6.6,,6.3,,4.6,,3.7,,1.5,,0.0,,0.5,,0.3,,0.0,,1.6,,2.3,,3.1,,3.1,,1.7,
M,BS-CSMCI-BAL,SA,LU,-16.3,,-16.3,,-14.1,,-18.7,,-15.5,,-12.5,,-17.4,,-13.9,,-16.6,,-16.6,,-16.9,,-13.6,,-12.4,,-12.4,,-10.5,,-8.4,,-10.8,,-8.7,,-11.7,,-13.7,,-10.3,,-8.9,,-14.3,,-12.7,,-8.4,,-11.0,,-13.4,,-15.8,,-7.1,,-12.0,,-9.0,,-9.4,,-10.2,,-9.4,,-5.9,,-8.9,
M,BS-CSMCI-BAL,SA,LV,-32.2,,-26.7,,-23.0,,-23.9,,-18.0,,-21.7,,-15.7,,-18.1,,-11.8,,-18.6,,-24.2,,-16.8,,-12.7,,-11.3,,-15.3,,-12.7,,-11.4,,-13.2,,-13.0,,-9.6,,-8.1,,-10.9,,-7.6,,-12.1,,-15.9,,-12.8,,-13.3,,-15.0,,-15.4,,-11.4,,-9.7,,-14.6,,-14.2,,-5.1,,-6.9,,-8.3,
M,BS-CSMCI-BAL,SA,ME,-6.6,,-1.6,,-5.4,,4.0,,5.7,,6.6,,4.7,,3.7,,-4.7,,-3.9,,0.1,,3.5,,1.5,,-1.6,,1.6,,0.5,,1.6,,0.1,,-1.5,,-1.3,,1.4,,0.0,,1.4,,0.6,,-1.3,,-3.3,,-2.4,,-5.2,,-2.4,,-0.4,,-3.4,,-6.2,,-6.1,,-5.5,,-10.4,,-7.1,
M,BS-CSMCI-BAL,SA,MK,-29.1,,-29.3,,-29.5,,-27.4,,-28.2,,-25.9,,-25.4,,-25.8,,-23.7,,-26.0,,-22.2,,-16.0,,-14.3,,-13.5,,-14.1,,-9.4,,-0.7,,-2.6,,-3.1,,-2.2,,-4.6,,0.3,,-0.1,,-1.7,,1.6,,-3.8,,-4.4,,-3.7,,-2.6,,-0.1,,0.7,,-1.4,,-0.8,,-2.2,,-0.9,,-5.6,
M,BS-CSMCI-BAL,SA,MT,-10.3,,-6.9,,-10.9,,-6.8,,-9.8,,-10.6,,-11.9,,-12.7,,-9.8,,-16.1,,-12.3,,-12.6,,-12.2,,-4.5,,-7.4,,-9.0,,-9.0,,-3.9,,-6.3,,-8.2,,-4.6,,-5.4,,-0.3,,-2.3,,3.1,,1.7,,-2.4,,-3.4,,-0.1,,0.3,,2.6,,1.5,,2.1,,4.0,,8.4,,5.1,
M,BS-CSMCI-BAL,SA,NL,-23.4,,-18.3,,-17.7,,-16.9,,-19.2,,-18.5,,-18.4,,-16.4,,-17.8,,-18.8,,-15.4,,-12.0,,-12.8,,-11.7,,-10.3,,-11.5,,-10.9,,-11.5,,-10.7,,-10.0,,-7.7,,-12.4,,-14.2,,-13.2,,-14.0,,-16.7,,-17.5,,-19.3,,-17.1,,-15.5,,-13.7,,-14.0,,-13.9,,-12.9,,-9.3,,-10.3,
M,BS-CSMCI-BAL,SA,PL,-13.4,,-17.5,,-17.1,,-13.2,,-5.3,,-6.7,,-3.4,,-4.5,,-4.7,,-4.6,,-1.4,,-3.0,,1.6,,1.2,,1.9,,1.3,,3.7,,3.5,,0.0,,-1.5,,1.0,,-1.8,,-1.2,,-3.2,,-2.7,,-0.8,,-0.9,,1.1,,1.8,,2.8,,-2.5,,1.3,,-1.0,,-4.7,,-4.5,,-1.4,
M,BS-CSMCI-BAL,SA,PT,-35.3,,-32.5,,-32.4,,-29.8,,-26.9,,-23.3,,-20.9,,-22.0,,-26.4,,-27.6,,-30.6,,-26.0,,-23.9,,-23.2,,-20.7,,-17.0,,-17.5,,-16.6,,-12.3,,-14.4,,-13.1,,-14.6,,-14.3,,-15.7,,-15.1,,-15.0,,-18.0,,-20.2,,-15.9,,-16.1,,-15.1,,-17.8,,-17.3,,-13.1,,-15.0,,-15.1,
M,BS-CSMCI-BAL,SA,RO,-28.9,,-27.2,,-24.9,,-22.1,,-19.9,,-17.6,,-16.5,,-18.2,,-16.0,,-18.0,,-19.3,,-17.8,,-17.7,,-17.3,,-15.2,,-13.4,,-15.9,,-11.0,,-14.7,,-12.0,,-11.6,,-12.1,,-8.6,,-11.9,,-20.4,,-17.1,,-17.1,,-18.0,,-15.4,,-25.2,,-31.9,,-31.7,,-31.5,,-30.7,,-29.8,,-30.9,
M,BS-CSMCI-BAL,SA,RS,-11.0,,-8.5,,-6.9,,-9.0,,-7.4,,-4.0,,-6.1,,-6.2,,-3.3,,-5.8,,-2.2,,2.1,,1.1,,-1.3,,1.5,,0.6,,2.6,,3.9,,1.1,,2.3,,2.5,,1.1,,-1.3,,-2.2,,-1.3,,-4.1,,-3.0,,-3.9,,-4.8,,-3.1,,-6.3,,-5.2,,-3.5,,-4.2,,-2.2,,-5.9,
M,BS-CSMCI-BAL,SA,SE,-23.5,,-20.5,,-20.8,,-17.8,,-15.3,,-14.1,,-15.0,,-17.7,,-18.6,,-18.0,,-15.8,,-12.9,,-8.6,,-6.8,,-4.8,,-4.4,,-1.4,,-0.3,,-0.5,,0.2,,1.5,,0.6,,1.9,,-1.5,,0.3,,-2.5,,-7.7,,-13.6,,-10.2,,-8.1,,-6.0,,-6.8,,-5.0,,-3.6,,-3.2,,-3.7,
M,BS-CSMCI-BAL,SA,SI,-35.2,,-34.4,,-33.7,,-31.5,,-30.8,,-34.6,,-32.2,,-33.4,,-32.4,,-31.9,,-31.2,,-30.9,,-27.5,,-28.4,,-28.8,,-25.9,,-26.9,,-24.6,,-25.0,,-24.9,,-27.8,,-27.4,,-29.5,,-26.2,,-28.4,,-30.5,,-27.4,,-29.1,,-24.6,,-25.5,,-27.7,,-26.6,,-24.6,,-25.0,,-24.0,,-24.3,
M,BS-CSMCI-BAL,SA,SK,-30.8,,-29.8,,-26.7,,-25.0,,-25.4,,-21.9,,-20.5,,-20.2,,-19.2,,-19.4,,-18.1,,-16.3,,-15.7,,-16.0,,-14.7,,-14.9,,-13.1,,-12.7,,-12.9,,-13.4,,-14.9,,-20.8,,-20.8,,-22.0,,-23.9,,-23.4,,-21.3,,-22.9,,-21.9,,-20.9,,-19.3,,-20.1,,-19.5,,-23.4,,-24.1,,-23.6,
M,BS-CSMCI-BAL,SA,TR,-21.0,,-17.6,,-19.8,,-12.6,,-9.0,,-15.0,,-20.2,,-32.1,,-28.9,,-25.4,,-24.7,,-22.5,,-19.9,,-20.9,,-20.9,,-19.7,,-19.7,,-21.9,,-24.7,,-23.9,,-21.8,,-19.9,,-20.5,,-18.9,,-19.2,,-18.3,,-14.3,,-16.5,,-15.5,,-15.2,,-17.1,,-16.2,,-16.2,,-16.5,,-15.3,,-16.6,
M,BS-ESI-I,SA,AL,105.5,,108.4,,107.3,,108.7,,107.4,,109.3,,105.8,,102.9,,102.7,,107.9,,107.3,,111.4,,107.1,,103.4,,105.4,,108.1,,107.4,,105.0,,108.2,,110.6,,109.5,,108.8,,114.0,,110.8,,108.6,,102.8,,105.3,,105.0,,107.5,,104.4,,103.0,,105.5,,105.0,,106.9,,103.7,,108.2,
M,BS-ESI-I,SA,AT,93.8,,96.3,,90.9,,91.6,,87.1,,86.6,,88.3,,85.1,,82.0,,84.4,,82.0,,86.0,,87.7,,88.6,,88.4,,91.7,,91.5,,87.7,,87.8,,87.3,,87.7,,88.8,,87.8,,84.9,,89.2,,91.3,,90.0,,89.3,,92.0,,90.7,,93.0,,93.6,,88.8,,92.2,,92.9,,94.9,
M,BS-ESI-I,SA,BE,88.6,,89.9,,92.1,,94.0,,90.1,,88.0,,89.1,,87.8,,89.7,,86.0,,89.7,,96.9,,90.8,,95.3,,95.9,,93.9,,93.8,,96.0,,91.6,,93.4,,90.8,,92.7,,94.3,,89.5,,93.9,,94.5,,92.0,,88.1,,95.9,,97.7,,95.0,,95.0,,95.9,,95.6,,95.7,,90.3,
M,BS-ESI-I,SA,BG,101.0,,101.7,,103.6,,102.0,,102.9,,103.0,,105.5,,104.4,,104.9,,106.1,,104.8,,106.8,,105.6,,102.8,,104.8,,103.7,,104.3,,105.6,,104.7,,105.1,,107.1,,106.7,,105.4,,105.6,,104.5,,104.8,,105.3,,102.3,,103.1,,103.7,,102.9,,103.1,,102.9,,101.2,,101.2,,100.1,
M,BS-ESI-I,SA,CY,103.2,,104.9,,106.5,,103.2,,103.8,,107.3,,105.0,,106.1,,104.0,,103.4,,104.2,,103.7,,104.2,,103.0,,99.8,,102.9,,103.8,,103.5,,104.0,,105.0,,105.4,,105.1,,105.8,,108.2,,105.7,,107.7,,105.5,,106.0,,105.8,,104.8,,106.3,,105.6,,105.8,,106.4,,106.5,,107.0,
M,BS-ESI-I,SA,CZ,89.2,,92.3,,92.8,,90.2,,87.6,,82.3,,85.3,,91.7,,86.2,,90.6,,89.5,,92.3,,91.2,,89.2,,92.6,,92.8,,94.1,,96.2,,94.6,,92.2,,97.4,,93.9,,96.3,,97.8,,96.3,,98.3,,100.7,,95.8,,101.5,,98.4,,97.6,,102.6,,102.1,,103.2,,100.5,,98.8,
M,BS-ESI-I,SA,DE,98.3,,98.7,,98.2,,98.9,,95.6,,94.0,,91.9,,89.9,,90.3,,90.7,,90.4,,92.9,,90.5,,90.0,,91.0,,92.3,,93.0,,92.9,,92.9,,91.5,,90.5,,90.9,,89.4,,86.9,,88.4,,89.9,,90.0,,90.6,,92.0,,91.2,,92.4,,91.5,,90.9,,91.8,,91.5,,90.2,
M,BS-ESI-I,SA,DK,81.9,,82.5,,84.8,,85.9,,94.7,,96.2,,96.3,,95.2,,90.2,,93.7,,90.3,,94.2,,97.7,,98.2,,98.1,,97.7,,104.2,,103.6,,102.3,,100.5,,105.4,,104.3,,105.7,,104.3,,105.8,,103.0,,101.0,,96.6,,93.4,,92.7,,91.1,,90.2,,92.9,,89.1,,89.6,,89.9,
M,BS-ESI-I,SA,EA20,99.4,,98.8,,98.4,,98.8,,96.4,,95.9,,95.0,,94.0,,93.7,,93.5,,93.9,,96.5,,95.8,,95.1,,96.0,,95.9,,96.0,,96.1,,96.0,,96.4,,95.9,,96.0,,95.8,,93.6,,95.3,,96.2,,95.1,,93.9,,95.0,,94.2,,95.8,,95.5,,95.7,,96.9,,97.1,,96.7,
M,BS-ESI-I,SA,EA21,99.4,,98.8,,98.4,,98.8,,96.5,,95.8,,95.0,,94.2,,93.9,,93.8,,94.3,,96.8,,95.8,,95.3,,96.2,,95.9,,96.2,,96.2,,96.2,,96.7,,96.2,,96.4,,96.2,,94.0,,95.5,,96.5,,95.6,,94.3,,95.4,,94.4,,96.0,,95.6,,96.1,,97.3,,97.5,,97.2,
M,BS-ESI-I,SA,EE,86.7,,85.5,,86.4,,87.3,,86.7,,82.7,,83.4,,85.8,,83.3,,82.2,,82.9,,82.2,,84.6,,83.3,,85.3,,83.7,,84.4,,86.3,,89.3,,87.0,,87.5,,86.3,,89.0,,88.7,,89.3,,90.1,,91.4,,90.5,,89.0,,88.3,,89.2,,89.4,,91.4,,92.3,,93.2,,93.8,
M,BS-ESI-I,SA,EL,105.7,,107.1,,106.0,,107.9,,107.0,,109.1,,110.1,,110.7,,106.0,,104.7,,104.5,,105.0,,106.6,,104.4,,108.0,,108.0,,109.9,,109.7,,105.9,,105.6,,110.1,,107.4,,106.4,,106.0,,108.0,,106.3,,107.2,,106.9,,106.6,,105.7,,108.6,,109.7,,105.9,,107.2,,105.7,,106.9,
M,BS-ESI-I,SA,ES,101.4,,99.3,,99.3,,103.3,,100.5,,99.6,,100.9,,102.0,,98.4,,100.3,,98.5,,101.0,,102.5,,102.3,,101.9,,104.4,,101.2,,102.3,,104.0,,105.1,,107.2,,100.7,,102.5,,103.4,,104.4,,102.5,,102.9,,102.0,,102.7,,101.6,,102.5,,101.4,,104.3,,103.7,,104.9,,104.5,
M,BS-ESI-I,SA,EU27_2020,97.9,,97.4,,96.9,,97.2,,95.5,,94.9,,94.6,,93.9,,93.5,,93.7,,94.2,,96.4,,96.0,,95.4,,96.1,,96.3,,96.4,,96.7,,96.5,,96.9,,96.7,,96.8,,96.7,,94.8,,95.9,,96.9,,95.8,,94.7,,95.6,,94.7,,95.9,,95.8,,96.3,,97.2,,97.4,,97.3,
M,BS-ESI-I,SA,FI,89.3,,88.2,,87.5,,89.2,,89.4,,86.0,,83.6,,85.9,,81.4,,82.9,,82.4,,83.5,,89.1,,88.1,,87.4,,83.3,,85.9,,89.0,,89.6,,90.4,,88.5,,92.0,,93.5,,92.4,,92.4,,93.3,,93.2,,93.6,,92.4,,93.4,,95.4,,97.6,,98.9,,94.9,,95.1,,95.9,
M,BS-ESI-I,SA,FR,98.7,,97.6,,97.7,,93.6,,96.5,,97.8,,95.3,,93.8,,96.7,,94.3,,96.2,,95.8,,98.1,,97.7,,101.3,,95.7,,99.1,,98.2,,95.3,,99.1,,98.2,,93.9,,96.6,,93.0,,96.1,,98.5,,96.5,,96.9,,93.4,,90.2,,92.5,,92.6,,93.1,,95.0,,95.5,,94.6,
M,BS-ESI-I,SA,HR,103.9,,108.3,,105.7,,108.3,,107.2,,104.8,,104.6,,101.8,,104.2,,105.3,,107.4,,108.4,,109.8,,109.2,,111.7,,107.1,,106.9,,104.8,,105.9,,107.4,,106.8,,105.3,,105.7,,106.4,,105.5,,105.0,,103.0,,103.2,,103.9,,104.3,,103.1,,105.1,,104.5,,106.0,,106.9,,107.9,
M,BS-ESI-I,SA,HU,91.2,,95.5,,98.0,,95.0,,97.2,,91.6,,94.1,,96.4,,93.8,,92.3,,95.9,,98.2,,99.7,,96.1,,98.9,,99.0,,98.8,,102.2,,99.5,,99.5,,98.6,,96.5,,95.0,,91.8,,91.3,,93.7,,95.3,,93.6,,91.9,,93.5,,90.2,,91.9,,97.3,,96.8,,95.4,,100.0,
M,BS-ESI-I,SA,IE,103.8,,98.3,,99.8,,98.1,,100.6,,100.8,,100.6,,100.9,,100.0,,98.2,,98.3,,100.3,,99.3,,98.3,,97.9,,99.8,,97.7,,100.2,,100.8,,100.0,,97.0,,105.9,,102.6,,98.8,,100.6,,102.6,,102.9,,95.0,,97.6,,98.5,,100.3,,97.3,,98.2,,98.5,,95.7,,100.7,
M,BS-ESI-I,SA,IT,101.6,,102.3,,103.9,,104.7,,101.3,,100.7,,100.2,,100.0,,97.9,,97.2,,97.3,,99.3,,100.6,,99.1,,100.9,,100.1,,100.5,,99.7,,100.0,,98.9,,99.9,,99.3,,99.0,,98.2,,99.8,,99.6,,97.6,,95.9,,98.8,,99.1,,99.6,,98.7,,99.4,,100.8,,102.0,,101.4,
M,BS-ESI-I,SA,LT,98.2,,95.2,,95.1,,94.7,,94.0,,93.0,,93.9,,93.7,,95.8,,95.6,,95.6,,98.8,,97.3,,95.9,,96.9,,98.2,,100.3,,100.2,,100.5,,101.7,,101.9,,103.4,,105.3,,105.2,,102.5,,101.2,,100.9,,101.6,,101.3,,101.7,,101.7,,103.5,,102.1,,102.6,,103.3,,104.9,
M,BS-ESI-I,SA,LU,98.0,,98.1,,100.2,,91.9,,90.4,,83.2,,82.0,,93.6,,93.2,,96.8,,89.5,,90.8,,95.9,,94.8,,95.9,,96.2,,96.7,,95.8,,89.7,,90.2,,100.3,,98.7,,96.8,,93.1,,98.2,,98.1,,94.6,,99.0,,104.4,,96.5,,99.3,,93.9,,96.9,,92.3,,100.0,,95.6,
M,BS-ESI-I,SA,LV,92.9,,94.5,,97.0,,94.7,,93.9,,93.5,,94.5,,95.2,,96.9,,94.0,,94.0,,95.8,,96.4,,97.8,,98.0,,98.4,,97.7,,97.4,,96.1,,97.5,,98.5,,97.7,,98.5,,98.0,,97.3,,98.3,,98.4,,98.1,,98.6,,99.1,,99.5,,97.3,,98.8,,100.8,,101.3,,100.9,
M,BS-ESI-I,SA,ME,105.8,,107.9,,106.1,,109.0,,111.5,,112.9,,113.3,,108.7,,105.5,,104.5,,109.2,,111.1,,110.2,,106.3,,110.8,,109.9,,110.1,,108.9,,110.4,,109.7,,107.5,,108.9,,108.6,,110.1,,108.7,,106.6,,106.5,,105.8,,103.5,,106.5,,104.7,,105.7,,107.7,,108.4,,109.0,,104.5,
M,BS-ESI-I,SA,MK,95.9,,94.9,,99.1,,97.5,,99.4,,98.5,,100.6,,92.9,,96.9,,97.5,,93.8,,95.3,,99.0,,96.2,,96.9,,98.1,,104.0,,101.3,,104.2,,98.3,,100.7,,103.0,,101.0,,104.6,,105.6,,97.1,,96.5,,97.8,,100.6,,98.5,,99.8,,98.0,,96.2,,97.9,,99.7,,101.5,
M,BS-ESI-I,SA,MT,100.6,,104.9,,110.2,,113.0,,102.8,,100.0,,108.3,,102.5,,118.8,,102.1,,95.6,,103.5,,95.9,,89.0,,96.3,,96.2,,97.4,,98.1,,98.0,,99.5,,85.4,,102.3,,109.1,,91.8,,97.7,,95.0,,108.9,,108.1,,98.4,,107.4,,98.4,,104.0,,114.4,,112.3,,112.1,,119.6,
M,BS-ESI-I,SA,NL,94.5,,97.5,,98.1,,96.7,,95.2,,94.2,,93.3,,93.3,,93.6,,93.3,,96.0,,94.7,,96.7,,98.4,,97.5,,98.1,,99.4,,100.0,,99.9,,100.8,,101.4,,99.0,,100.4,,100.2,,99.3,,100.2,,100.1,,97.7,,96.9,,97.3,,97.2,,100.9,,100.1,,100.3,,100.1,,100.4,
M,BS-ESI-I,SA,PL,88.2,,88.1,,89.2,,91.2,,93.3,,93.7,,94.3,,95.3,,95.4,,96.9,,98.4,,98.5,,100.9,,101.4,,101.2,,102.0,,101.3,,101.3,,99.6,,99.6,,100.8,,98.8,,98.9,,99.3,,97.7,,100.3,,100.4,,100.7,,100.4,,101.2,,99.1,,99.9,,99.9,,98.4,,99.3,,100.3,
M,BS-ESI-I,SA,PT,97.4,,102.6,,101.6,,102.2,,98.9,,99.9,,100.5,,96.8,,95.1,,93.9,,95.0,,95.3,,96.8,,99.8,,100.6,,101.3,,100.8,,100.6,,101.2,,100.7,,103.9,,105.9,,106.6,,106.5,,107.1,,103.9,,102.8,,101.6,,105.7,,107.0,,106.3,,106.5,,104.6,,104.2,,106.3,,107.2,
M,BS-ESI-I,SA,RO,97.6,,99.1,,99.3,,99.3,,99.5,,101.3,,100.8,,100.7,,100.7,,100.6,,100.9,,102.4,,102.5,,101.8,,103.6,,105.0,,102.9,,104.5,,102.6,,104.0,,103.2,,105.8,,105.4,,102.5,,99.7,,101.3,,102.6,,100.6,,99.2,,96.7,,94.4,,94.3,,94.2,,92.0,,94.2,,93.1,
M,BS-ESI-I,SA,RS,94.8,,92.0,,97.3,,94.9,,98.2,,98.4,,96.3,,95.8,,95.9,,95.8,,103.3,,103.8,,104.9,,105.4,,106.1,,103.5,,104.4,,107.5,,105.4,,104.6,,106.1,,103.4,,101.0,,104.8,,101.9,,96.0,,93.5,,92.2,,90.9,,89.3,,88.9,,94.5,,95.3,,91.4,,94.4,,95.1,
M,BS-ESI-I,SA,SE,86.7,,88.9,,88.1,,86.1,,89.3,,89.2,,87.5,,86.7,,86.6,,85.8,,86.7,,85.7,,91.3,,92.8,,93.7,,94.7,,95.4,,97.1,,95.5,,95.9,,94.8,,92.8,,96.6,,95.8,,96.8,,97.4,,94.4,,93.3,,95.6,,94.7,,95.3,,97.0,,97.4,,99.2,,99.8,,102.0,
M,BS-ESI-I,SA,SI,96.5,,96.3,,95.4,,94.7,,95.1,,92.7,,91.3,,91.7,,93.9,,93.4,,94.2,,96.1,,96.9,,95.9,,95.7,,97.5,,97.6,,98.6,,97.9,,97.7,,97.0,,96.1,,97.1,,97.7,,97.0,,97.5,,98.7,,97.7,,98.4,,95.8,,97.0,,98.8,,99.8,,99.2,,100.5,,102.3,
M,BS-ESI-I,SA,SK,88.9,,84.9,,93.4,,92.6,,86.7,,87.0,,88.4,,92.3,,96.0,,93.7,,94.9,,94.5,,97.4,,98.5,,100.3,,97.1,,96.1,,104.5,,101.5,,100.9,,99.6,,93.0,,92.3,,100.1,,96.9,,95.7,,96.2,,93.5,,91.6,,93.3,,95.5,,98.7,,95.7,,88.9,,91.6,,97.5,
M,BS-ESI-I,SA,TR,96.7,,97.1,,98.4,,101.7,,102.5,,98.8,,97.5,,93.0,,93.3,,94.1,,94.3,,94.0,,95.7,,95.6,,96.0,,96.7,,95.5,,92.8,,92.3,,91.8,,93.6,,96.8,,96.5,,97.4,,98.3,,96.8,,98.9,,96.3,,96.6,,97.1,,96.8,,98.6,,98.8,,99.0,,99.8,,100.1,
M,BS-ICI-BAL,NSA,AL,5.3,,8.8,,10.4,,15.0,,13.1,,11.9,,11.0,,2.7,,3.3,,6.2,,6.1,,7.5,,6.3,,3.6,,4.5,,8.5,,9.7,,8.8,,9.7,,9.8,,6.2,,5.4,,7.2,,6.3,,5.8,,2.7,,5.6,,5.0,,8.9,,7.2,,5.7,,4.3,,1.9,,3.3,,2.4,,6.3,
M,BS-ICI-BAL,NSA,AT,-5.3,,0.8,,-3.8,,-6.2,,-13.2,,-11.1,,-12.1,,-17.3,,-19.2,,-20.3,,-24.4,,-25.6,,-14.5,,-13.1,,-19.1,,-14.4,,-14.2,,-20.3,,-20.4,,-20.5,,-22.7,,-23.9,,-25.1,,-27.5,,-19.3,,-12.6,,-14.0,,-12.6,,-10.7,,-14.6,,-14.1,,-13.5,,-19.2,,-17.8,,-17.3,,-18.2,
M,BS-ICI-BAL,NSA,BE,-14.7,,-12.2,,-11.7,,-13.0,,-18.4,,-20.5,,-21.3,,-19.3,,-19.7,,-23.3,,-25.1,,-19.2,,-19.7,,-13.9,,-10.7,,-14.1,,-11.9,,-12.5,,-16.0,,-16.8,,-19.9,,-23.7,,-20.8,,-22.2,,-15.3,,-10.2,,-11.5,,-12.2,,-10.5,,-9.7,,-14.1,,-9.7,,-11.6,,-15.7,,-17.5,,-16.6,
M,BS-ICI-BAL,NSA,BG,-1.6,,-0.2,,0.9,,-0.5,,1.2,,-0.2,,0.3,,-2.0,,-0.8,,-0.4,,-4.3,,-2.3,,-2.3,,-0.7,,0.5,,0.8,,1.9,,0.4,,-0.4,,-0.5,,-0.9,,-1.1,,-0.2,,-0.9,,1.0,,2.0,,3.0,,1.7,,3.0,,1.2,,-1.0,,-1.3,,-1.0,,-3.7,,-3.7,,-1.4,
M,BS-ICI-BAL,NSA,CY,-6.9,,-3.1,,-0.1,,0.5,,2.8,,4.7,,5.8,,1.2,,-1.0,,0.4,,-4.7,,-1.8,,-2.4,,-1.0,,-6.0,,2.4,,2.5,,0.0,,-1.7,,-0.6,,2.7,,-2.6,,-3.3,,0.5,,-2.3,,1.2,,-2.2,,2.4,,2.6,,1.1,,2.3,,2.9,,5.1,,2.7,,2.3,,2.5,
M,BS-ICI-BAL,NSA,CZ,-3.5,,-5.4,,0.2,,-2.3,,-8.4,,-15.5,,-13.7,,-7.3,,-16.2,,-6.7,,-9.3,,-6.2,,-8.2,,-10.4,,-7.9,,-8.6,,-10.3,,-6.9,,-9.3,,-5.3,,-7.1,,-8.9,,-11.6,,-11.3,,-5.7,,-3.4,,-2.2,,-7.0,,-4.7,,-7.9,,-9.8,,-4.0,,-7.1,,-2.2,,-9.7,,-9.8,
M,BS-ICI-BAL,NSA,DE,6.2,,5.8,,2.8,,1.0,,-3.8,,-8.1,,-14.5,,-15.7,,-14.3,,-18.9,,-20.3,,-17.8,,-14.3,,-14.3,,-13.7,,-16.0,,-16.3,,-16.5,,-19.7,,-20.2,,-23.3,,-27.3,,-27.5,,-32.2,,-23.4,,-19.1,,-17.7,,-17.1,,-15.7,,-19.9,,-18.8,,-19.5,,-20.7,,-22.0,,-23.7,,-24.4,
M,BS-ICI-BAL,NSA,DK,-16.4,,-13.4,,-13.2,,-12.2,,-4.4,,-4.2,,-3.5,,-4.2,,-13.5,,-7.9,,-18.9,,-10.1,,-6.7,,-4.6,,-2.9,,-0.8,,4.6,,1.4,,0.6,,-0.4,,2.3,,1.0,,-1.4,,0.8,,3.3,,3.8,,2.2,,-2.0,,-8.0,,-10.7,,-13.6,,-12.7,,-13.8,,-19.4,,-21.8,,-21.7,
M,BS-ICI-BAL,NSA,EA20,2.0,,2.2,,1.5,,-0.9,,-4.2,,-6.5,,-10.5,,-10.1,,-8.7,,-12.2,,-13.8,,-12.4,,-8.7,,-7.0,,-6.6,,-8.1,,-9.0,,-9.8,,-12.1,,-10.4,,-11.6,,-15.7,,-15.2,,-18.0,,-11.4,,-8.1,,-7.6,,-8.4,,-8.6,,-11.2,,-11.6,,-10.2,,-10.3,,-11.2,,-13.4,,-12.7,
M,BS-ICI-BAL,NSA,EA21,2.0,,2.2,,1.5,,-0.9,,-4.2,,-6.5,,-10.4,,-10.0,,-8.6,,-12.1,,-13.7,,-12.3,,-8.6,,-6.8,,-6.5,,-7.9,,-8.8,,-9.6,,-11.9,,-10.2,,-11.4,,-15.3,,-14.9,,-17.7,,-11.0,,-7.7,,-7.3,,-8.2,,-8.3,,-10.9,,-11.3,,-9.9,,-10.0,,-10.9,,-13.1,,-12.4,
M,BS-ICI-BAL,NSA,EE,-11.3,,-10.9,,-8.7,,-10.6,,-15.3,,-22.9,,-24.1,,-18.4,,-25.1,,-26.5,,-30.9,,-26.6,,-19.7,,-17.3,,-12.4,,-14.8,,-18.3,,-16.6,,-15.2,,-10.3,,-14.0,,-19.0,,-15.4,,-16.3,,-9.5,,-4.3,,-3.0,,-2.7,,-10.0,,-14.8,,-13.0,,-11.0,,-11.4,,-13.0,,-14.3,,-13.6,
M,BS-ICI-BAL,NSA,EL,3.8,,7.8,,5.6,,5.3,,1.6,,5.0,,1.1,,2.9,,-2.8,,-6.7,,-7.9,,-9.0,,-2.4,,-1.8,,8.2,,5.1,,5.6,,4.7,,-2.0,,-3.9,,6.9,,0.1,,2.4,,-1.7,,5.0,,6.4,,8.7,,9.3,,7.1,,4.0,,8.9,,10.1,,1.7,,1.4,,-0.6,,2.0,
M,BS-ICI-BAL,NSA,ES,-3.1,,-4.2,,-1.5,,1.0,,-3.5,,-8.6,,-11.7,,-7.1,,-9.1,,-10.6,,-12.4,,-7.6,,-4.3,,-2.5,,-3.6,,-1.9,,-4.3,,-5.9,,-6.5,,-4.0,,-0.9,,-10.6,,-8.1,,-5.7,,-3.3,,-4.3,,-3.7,,-1.8,,-3.1,,-6.5,,-6.5,,-6.2,,-4.7,,-6.9,,-6.1,,-4.8,
M,BS-ICI-BAL,NSA,EU27_2020,0.1,,0.7,,0.3,,-2.0,,-4.6,,-6.9,,-10.4,,-9.6,,-9.0,,-11.7,,-13.5,,-12.3,,-8.7,,-6.9,,-6.4,,-7.6,,-8.4,,-9.2,,-11.3,,-9.6,,-10.8,,-14.6,,-14.3,,-16.7,,-10.7,,-7.4,,-6.8,,-7.9,,-8.2,,-10.6,,-11.4,,-9.8,,-9.9,,-10.9,,-13.1,,-12.4,
M,BS-ICI-BAL,NSA,FI,-5.7,,-3.3,,-8.3,,-7.7,,-9.7,,-15.0,,-19.0,,-18.7,,-24.0,,-23.7,,-26.0,,-24.7,,-15.3,,-6.0,,-8.7,,-11.3,,-9.3,,-13.0,,-11.0,,-8.0,,-14.0,,-15.0,,-12.3,,-14.7,,-8.7,,-1.7,,-0.3,,-5.7,,-7.0,,-9.0,,-3.7,,0.0,,2.3,,-9.0,,-11.0,,-6.0,
M,BS-ICI-BAL,NSA,FR,-5.2,,-3.5,,-2.3,,-9.2,,-8.0,,-8.4,,-14.1,,-12.7,,-5.2,,-9.1,,-11.2,,-12.3,,-7.3,,-2.5,,-0.9,,-6.2,,-8.2,,-9.2,,-13.8,,-5.7,,-4.8,,-14.6,,-11.3,,-14.5,,-10.0,,-4.8,,-6.1,,-4.4,,-10.1,,-13.8,,-16.2,,-11.6,,-7.7,,-6.1,,-10.4,,-11.6,
M,BS-ICI-BAL,NSA,HR,3.4,,16.2,,12.7,,10.0,,10.2,,4.2,,3.2,,0.0,,2.0,,3.1,,0.1,,1.3,,7.6,,7.6,,13.4,,2.3,,0.8,,1.7,,1.2,,5.7,,3.1,,0.5,,-7.1,,-4.9,,4.4,,4.0,,4.0,,3.3,,4.3,,2.2,,2.0,,-0.5,,3.7,,0.0,,-1.6,,0.4,
M,BS-ICI-BAL,NSA,HU,-3.6,,-7.0,,-2.6,,-7.2,,-1.3,,-9.4,,-6.5,,-4.8,,-7.9,,-13.2,,-10.8,,-10.2,,-9.8,,-10.8,,-4.1,,-9.1,,-9.8,,-7.1,,-9.7,,-9.2,,-9.9,,-11.3,,-16.2,,-19.2,,-16.2,,-10.2,,-11.1,,-9.9,,-12.0,,-10.7,,-14.1,,-10.2,,-8.1,,-9.9,,-14.0,,-10.8,
M,BS-ICI-BAL,NSA,IE,22.1,,12.9,,13.1,,8.3,,6.3,,10.2,,8.4,,10.7,,13.4,,7.0,,6.3,,8.9,,7.9,,10.2,,6.4,,9.0,,3.5,,8.6,,7.8,,10.7,,5.5,,11.9,,11.1,,1.0,,15.4,,16.8,,18.4,,5.1,,8.0,,10.0,,5.4,,10.0,,9.4,,12.2,,0.4,,10.2,
M,BS-ICI-BAL,NSA,IT,-0.7,,1.5,,1.8,,-0.1,,-2.3,,-4.3,,-6.2,,-7.0,,-7.2,,-9.1,,-10.2,,-9.5,,-6.3,,-5.4,,-3.7,,-5.4,,-5.0,,-7.7,,-8.2,,-9.1,,-8.9,,-11.2,,-11.5,,-11.2,,-7.8,,-5.9,,-6.3,,-7.4,,-6.8,,-7.0,,-7.6,,-8.5,,-8.2,,-8.5,,-8.0,,-8.5,
M,BS-ICI-BAL,NSA,LT,-14.9,,-16.8,,-15.4,,-17.3,,-19.1,,-17.9,,-18.1,,-15.8,,-14.2,,-15.0,,-15.1,,-13.7,,-8.8,,-7.7,,-6.3,,-5.8,,-7.6,,-10.1,,-10.0,,-7.3,,-7.5,,-6.9,,-7.3,,-9.5,,-7.2,,-4.6,,-3.3,,-4.4,,-6.5,,-8.0,,-8.4,,-6.6,,-9.0,,-11.4,,-9.6,,-9.3,
M,BS-ICI-BAL,NSA,LU,-11.3,,-9.9,,-6.8,,-17.1,,-26.0,,-45.2,,-42.8,,-21.7,,-17.6,,-9.8,,-30.4,,-31.6,,-16.3,,-15.8,,-17.6,,-18.2,,-17.1,,-22.3,,-32.5,,-25.8,,-6.8,,-12.6,,-15.7,,-26.5,,-15.3,,-13.5,,-16.1,,-5.7,,-6.4,,-18.3,,-18.6,,-28.2,,-17.5,,-27.7,,-25.6,,-28.8,
M,BS-ICI-BAL,NSA,LV,-8.0,,-4.2,,-3.3,,-3.8,,-7.1,,-7.1,,-7.8,,-7.6,,-8.4,,-11.0,,-13.2,,-14.8,,-7.6,,-2.4,,-1.6,,-2.3,,-5.0,,-6.5,,-9.4,,-8.0,,-8.2,,-9.3,,-10.1,,-9.7,,-6.3,,-2.5,,-1.6,,-1.8,,-1.7,,-3.1,,-4.1,,-5.2,,-4.3,,-6.7,,-7.9,,-8.7,
M,BS-ICI-BAL,NSA,ME,2.3,,7.0,,6.3,,10.7,,13.0,,10.1,,20.5,,5.0,,-2.5,,-4.8,,0.7,,-3.4,,5.4,,8.5,,13.1,,15.0,,9.8,,11.0,,9.2,,2.7,,-3.6,,1.7,,3.0,,2.0,,0.0,,8.2,,9.9,,14.2,,11.2,,11.2,,9.1,,5.6,,3.9,,-4.1,,-2.4,,-2.4,
M,BS-ICI-BAL,NSA,MK,-3.6,,0.3,,2.1,,0.6,,1.9,,-1.3,,-0.7,,-1.7,,-1.0,,-3.9,,-5.4,,-11.1,,-5.4,,-8.1,,-5.9,,-4.7,,-3.9,,-2.1,,-4.4,,-5.1,,-4.3,,-6.0,,-8.8,,-8.5,,-6.9,,-9.2,,-10.4,,-8.7,,-7.6,,-9.0,,-9.6,,-9.8,,-10.6,,-9.6,,-8.9,,-11.9,
M,BS-ICI-BAL,NSA,MT,-8.6,,-3.2,,6.8,,8.5,,-11.4,,-20.0,,10.6,,9.1,,44.4,,0.3,,-4.7,,-2.8,,-13.6,,-37.9,,-11.0,,-12.2,,-10.3,,-8.7,,-8.2,,-6.9,,-38.0,,-10.4,,7.0,,-24.3,,-26.6,,-16.3,,15.5,,18.2,,-17.0,,8.6,,-5.8,,-6.0,,3.5,,6.6,,-3.1,,12.0,
M,BS-ICI-BAL,NSA,NL,-0.1,,2.4,,3.3,,1.9,,-0.8,,-3.0,,-4.6,,-4.1,,-2.6,,-3.9,,-4.8,,-8.9,,-5.4,,-2.8,,-2.5,,-1.3,,-1.9,,-2.8,,-4.6,,-1.4,,-0.4,,-3.4,,-4.0,,-4.8,,-2.9,,0.0,,0.8,,-1.0,,-2.9,,-5.2,,-6.7,,-1.7,,0.0,,-1.1,,-3.7,,-4.4,
M,BS-ICI-BAL,NSA,PL,-20.9,,-18.1,,-17.4,,-18.0,,-18.8,,-19.2,,-20.1,,-17.8,,-18.0,,-18.7,,-18.7,,-20.0,,-18.2,,-15.4,,-14.8,,-13.9,,-15.8,,-17.4,,-17.5,,-15.5,,-15.4,,-18.9,,-19.5,,-20.1,,-18.3,,-15.1,,-13.4,,-13.8,,-14.5,,-15.0,,-15.6,,-15.5,,-14.9,,-16.5,,-17.3,,-19.0,
M,BS-ICI-BAL,NSA,PT,-5.6,,-2.6,,-1.3,,-4.8,,-6.6,,-7.9,,-9.0,,-10.0,,-10.1,,-12.4,,-9.7,,-10.9,,-8.0,,-4.9,,-5.4,,-6.0,,-4.5,,-5.1,,-8.1,,-5.9,,-4.1,,-5.8,,-6.3,,-5.8,,-5.3,,-4.0,,-3.8,,-3.6,,-3.0,,-3.0,,-3.8,,-3.3,,-3.6,,-7.1,,-1.7,,-1.9,
M,BS-ICI-BAL,NSA,RO,-2.5,,-0.2,,2.1,,1.6,,-0.4,,-0.4,,-1.3,,-0.8,,0.0,,-1.3,,-2.3,,-3.3,,-2.0,,-0.4,,1.3,,2.6,,1.7,,0.1,,-0.7,,-0.6,,-0.5,,0.3,,-2.3,,-6.3,,-4.3,,-1.3,,2.0,,1.3,,-0.3,,-0.6,,-2.1,,-2.0,,-1.0,,-3.0,,-4.1,,-5.8,
M,BS-ICI-BAL,NSA,RS,-3.1,,-1.2,,2.2,,3.0,,1.8,,-0.8,,-3.5,,-2.8,,2.0,,-2.0,,-1.9,,-5.3,,-0.3,,5.5,,6.2,,4.0,,2.5,,-1.0,,-3.0,,3.1,,4.9,,-0.3,,-3.7,,-6.6,,-0.9,,1.1,,3.6,,0.9,,-0.4,,-5.6,,-7.8,,1.7,,3.4,,-4.3,,-2.6,,-7.2,
M,BS-ICI-BAL,NSA,SE,2.7,,10.0,,7.7,,2.0,,4.8,,0.6,,-4.8,,-0.3,,0.1,,-1.6,,-5.2,,-10.3,,-2.1,,2.5,,0.6,,0.2,,-1.5,,-1.8,,-6.3,,-1.8,,-9.6,,-14.5,,-9.5,,-9.7,,-8.6,,-0.8,,-0.8,,-0.6,,0.4,,-2.0,,-8.4,,-2.6,,-4.3,,-5.7,,-6.0,,-1.6,
M,BS-ICI-BAL,NSA,SI,-2.9,,-0.9,,-0.2,,-4.0,,-7.1,,-10.9,,-14.2,,-9.5,,-9.1,,-13.0,,-14.6,,-12.0,,-7.2,,-5.6,,-3.7,,-3.9,,-4.8,,-8.1,,-9.5,,-5.2,,-6.2,,-11.2,,-14.2,,-13.0,,-6.9,,-2.9,,-2.0,,-3.0,,-5.5,,-11.6,,-9.7,,-3.5,,-4.3,,-8.3,,-10.3,,-9.0,
M,BS-ICI-BAL,NSA,SK,-6.0,,-3.7,,5.0,,-0.7,,-16.7,,-24.3,,-19.3,,4.0,,1.7,,-9.0,,-13.3,,-14.3,,-3.0,,-0.7,,5.0,,-0.7,,-0.3,,-1.3,,-3.7,,9.7,,6.3,,-7.0,,-12.0,,-4.7,,0.7,,1.7,,1.7,,-3.7,,-6.7,,-13.7,,-7.3,,12.0,,5.0,,-14.0,,-18.7,,-3.7,
M,BS-ICI-BAL,NSA,TR,-3.6,,-0.5,,3.0,,3.2,,4.0,,1.0,,1.8,,-0.6,,-2.8,,-3.1,,-5.0,,-6.1,,-2.4,,-1.3,,1.1,,2.1,,0.4,,-2.6,,-2.1,,-3.7,,-4.3,,-2.6,,-2.6,,-4.3,,-1.0,,-1.5,,2.7,,2.0,,-0.9,,-1.2,,-0.4,,-0.5,,-2.9,,-1.6,,-2.3,,-1.4,
M,BS-ICI-BAL,SA,AL,7.6,,9.7,,9.2,,11.6,,9.2,,7.8,,8.9,,3.7,,6.3,,8.7,,8.4,,10.0,,8.4,,4.8,,3.3,,5.3,,5.7,,4.9,,7.7,,10.8,,9.2,,7.9,,9.3,,8.6,,7.8,,3.9,,4.4,,1.9,,4.8,,3.5,,3.9,,5.3,,4.9,,5.7,,4.5,,8.5,
M,BS-ICI-BAL,SA,AT,-5.5,,-2.5,,-6.6,,-8.6,,-14.3,,-13.4,,-13.0,,-17.7,,-18.9,,-17.1,,-20.0,,-19.1,,-15.8,,-17.2,,-20.4,,-16.6,,-17.2,,-21.9,,-19.8,,-22.1,,-22.8,,-19.6,,-20.4,,-22.8,,-19.2,,-16.3,,-16.6,,-14.6,,-13.5,,-15.8,,-14.4,,-15.0,,-18.2,,-14.3,,-13.1,,-12.8,
M,BS-ICI-BAL,SA,BE,-15.5,,-15.4,,-13.4,,-14.9,,-18.8,,-20.2,,-21.3,,-20.9,,-19.5,,-20.0,,-21.6,,-16.8,,-20.5,,-17.0,,-12.4,,-16.1,,-12.3,,-12.2,,-16.1,,-18.3,,-19.7,,-20.4,,-17.3,,-19.8,,-16.1,,-13.4,,-13.2,,-14.2,,-10.9,,-9.4,,-14.1,,-11.3,,-11.3,,-12.4,,-14.0,,-14.2,
M,BS-ICI-BAL,SA,BG,-0.8,,-1.0,,-0.4,,-2.3,,-1.3,,-1.7,,-0.3,,-1.8,,-0.2,,1.4,,-1.7,,0.2,,-1.5,,-1.6,,-0.8,,-1.0,,-0.5,,-1.1,,-1.0,,-0.3,,-0.3,,0.7,,2.4,,1.6,,1.7,,1.2,,1.6,,-0.1,,0.5,,-0.3,,-1.5,,-1.1,,-0.4,,-1.9,,-1.1,,1.1,
M,BS-ICI-BAL,SA,CY,-4.6,,-3.0,,0.2,,-1.7,,1.0,,3.4,,5.3,,1.3,,-1.4,,0.4,,-3.1,,-0.2,,-0.1,,-0.6,,-5.5,,0.2,,0.6,,-1.3,,-2.1,,-0.7,,2.2,,-2.6,,-1.7,,1.9,,-0.1,,1.7,,-1.7,,0.3,,0.8,,-0.1,,2.0,,2.7,,4.4,,2.7,,3.8,,3.8,
M,BS-ICI-BAL,SA,CZ,-4.2,,-7.4,,-0.4,,-3.2,,-8.9,,-15.2,,-13.1,,-8.7,,-15.2,,-6.5,,-6.9,,-4.7,,-9.0,,-12.4,,-8.7,,-9.2,,-10.7,,-6.5,,-8.4,,-6.8,,-6.1,,-9.1,,-9.2,,-9.7,,-6.5,,-5.4,,-3.0,,-7.5,,-5.0,,-7.5,,-8.9,,-5.5,,-6.2,,-2.6,,-7.3,,-8.1,
M,BS-ICI-BAL,SA,DE,4.1,,2.1,,-0.3,,-1.4,,-5.6,,-8.8,,-13.6,,-15.7,,-13.7,,-15.0,,-15.5,,-14.3,,-16.3,,-18.1,,-16.8,,-18.4,,-18.1,,-17.2,,-18.9,,-20.1,,-22.7,,-23.4,,-22.7,,-28.6,,-25.4,,-22.9,,-20.8,,-19.5,,-17.5,,-20.6,,-18.1,,-19.4,,-20.1,,-18.1,,-18.8,,-20.8,
M,BS-ICI-BAL,SA,DK,-14.8,,-15.1,,-13.7,,-14.6,,-5.6,,-5.2,,-4.9,,-5.7,,-12.0,,-6.5,,-15.3,,-8.3,,-5.0,,-6.3,,-3.4,,-3.1,,3.3,,0.3,,-0.8,,-2.2,,3.7,,2.3,,2.0,,2.6,,5.0,,2.3,,1.8,,-3.9,,-9.1,,-11.9,,-15.1,,-14.7,,-12.5,,-18.2,,-18.4,,-20.0,
M,BS-ICI-BAL,SA,EA20,1.0,,-0.7,,-1.5,,-3.5,,-5.9,,-7.2,,-9.3,,-10.0,,-8.6,,-9.3,,-9.6,,-8.8,,-9.8,,-10.0,,-9.7,,-10.7,,-10.7,,-10.4,,-10.9,,-10.4,,-11.5,,-12.8,,-11.1,,-14.4,,-12.4,,-11.1,,-10.7,,-11.0,,-10.3,,-11.8,,-10.4,,-10.2,,-10.2,,-8.4,,-9.3,,-9.0,
M,BS-ICI-BAL,SA,EA21,0.9,,-0.7,,-1.6,,-3.6,,-5.9,,-7.1,,-9.2,,-9.9,,-8.5,,-9.2,,-9.5,,-8.6,,-9.7,,-9.8,,-9.5,,-10.5,,-10.5,,-10.2,,-10.7,,-10.2,,-11.3,,-12.4,,-10.7,,-13.9,,-12.1,,-10.7,,-10.4,,-10.8,,-10.0,,-11.5,,-10.1,,-9.9,,-9.9,,-8.0,,-8.9,,-8.5,
M,BS-ICI-BAL,SA,EE,-11.9,,-16.0,,-15.8,,-16.8,,-17.9,,-22.8,,-22.3,,-19.6,,-22.8,,-21.5,,-23.1,,-20.9,,-20.1,,-21.6,,-18.8,,-20.2,,-18.9,,-15.7,,-13.7,,-12.7,,-13.0,,-14.9,,-10.0,,-11.5,,-10.4,,-9.6,,-9.5,,-8.5,,-10.5,,-12.0,,-10.1,,-11.6,,-10.2,,-9.5,,-9.4,,-8.9,
M,BS-ICI-BAL,SA,EL,4.4,,5.2,,2.0,,2.0,,-0.4,,4.2,,1.6,,3.8,,-1.3,,-4.5,,-4.7,,-5.4,,-1.8,,-4.4,,4.5,,1.8,,3.6,,3.9,,-1.4,,-3.0,,8.4,,2.3,,5.5,,1.9,,5.6,,3.7,,4.9,,6.0,,5.1,,3.2,,9.5,,11.0,,3.2,,3.7,,2.6,,5.6,
M,BS-ICI-BAL,SA,ES,-3.4,,-5.7,,-3.5,,-1.8,,-5.6,,-8.6,,-9.6,,-6.7,,-9.0,,-8.0,,-9.9,,-6.4,,-4.8,,-4.3,,-5.7,,-4.0,,-6.7,,-6.0,,-4.4,,-3.8,,-0.8,,-7.8,,-5.4,,-4.9,,-4.0,,-5.8,,-5.2,,-4.8,,-5.2,,-6.2,,-4.7,,-5.8,,-4.4,,-4.5,,-3.5,,-3.5,
M,BS-ICI-BAL,SA,EU27_2020,-0.6,,-2.0,,-2.9,,-4.6,,-6.4,,-7.9,,-9.2,,-9.5,,-8.8,,-9.0,,-9.3,,-8.4,,-9.3,,-9.6,,-9.6,,-10.0,,-10.4,,-10.1,,-10.4,,-9.9,,-10.7,,-11.8,,-10.3,,-12.8,,-11.2,,-10.0,,-9.8,,-10.3,,-10.2,,-11.2,,-10.2,,-10.2,,-9.9,,-8.6,,-9.2,,-8.6,
M,BS-ICI-BAL,SA,FI,-4.2,,-7.8,,-12.7,,-12.3,,-12.4,,-15.6,,-19.3,,-19.4,,-22.2,,-19.6,,-20.6,,-19.2,,-13.8,,-10.9,,-13.1,,-15.4,,-11.9,,-13.3,,-11.6,,-9.3,,-13.1,,-10.9,,-7.2,,-9.3,,-7.2,,-6.3,,-4.5,,-8.8,,-8.8,,-8.6,,-4.7,,-1.9,,2.2,,-4.7,,-6.1,,-1.2,
M,BS-ICI-BAL,SA,FR,-6.3,,-6.5,,-4.9,,-11.0,,-8.5,,-7.2,,-9.8,,-11.5,,-7.7,,-9.2,,-9.1,,-9.3,,-8.5,,-5.6,,-3.5,,-8.1,,-8.6,,-7.9,,-9.3,,-4.5,,-7.3,,-14.8,,-9.3,,-11.4,,-11.2,,-8.0,,-8.7,,-6.4,,-10.4,,-12.5,,-11.7,,-10.3,,-10.2,,-6.4,,-8.4,,-8.5,
M,BS-ICI-BAL,SA,HR,3.1,,11.9,,8.3,,8.0,,8.3,,3.6,,3.1,,0.0,,2.2,,6.0,,5.9,,6.0,,7.2,,3.4,,8.8,,0.4,,-1.1,,1.1,,1.3,,5.8,,3.3,,3.2,,-1.1,,-0.4,,4.0,,-0.1,,-0.6,,1.4,,2.3,,1.5,,2.2,,-0.2,,3.9,,2.6,,4.5,,4.8,
M,BS-ICI-BAL,SA,HU,-2.8,,-7.8,,-4.7,,-7.9,,-2.8,,-9.6,,-6.8,,-5.9,,-8.8,,-12.2,,-8.3,,-7.1,,-8.9,,-11.6,,-6.1,,-9.7,,-11.3,,-7.3,,-10.0,,-10.3,,-10.8,,-10.3,,-13.6,,-16.0,,-15.3,,-11.0,,-13.2,,-10.5,,-13.6,,-10.9,,-14.4,,-11.3,,-9.0,,-9.0,,-11.4,,-7.7,
M,BS-ICI-BAL,SA,IE,21.2,,9.0,,11.3,,6.9,,7.9,,10.1,,9.5,,10.8,,12.2,,7.8,,9.3,,11.8,,6.9,,6.2,,4.6,,7.5,,5.1,,8.4,,8.9,,10.8,,4.3,,12.7,,14.2,,3.9,,14.4,,12.9,,16.6,,3.7,,9.6,,9.9,,6.5,,10.1,,8.2,,13.0,,3.5,,13.1,
M,BS-ICI-BAL,SA,IT,-1.4,,-0.7,,-0.3,,-1.7,,-3.4,,-4.8,,-5.6,,-6.0,,-6.8,,-7.3,,-7.4,,-7.7,,-7.0,,-7.5,,-6.3,,-6.6,,-6.3,,-7.9,,-7.6,,-8.3,,-8.4,,-9.1,,-9.0,,-9.4,,-8.3,,-8.3,,-8.4,,-8.9,,-8.1,,-7.4,,-7.0,,-7.6,,-7.6,,-6.6,,-5.5,,-6.4,
M,BS-ICI-BAL,SA,LT,-13.9,,-17.6,,-17.2,,-19.1,,-19.8,,-18.8,,-18.4,,-17.2,,-14.4,,-13.8,,-12.5,,-9.1,,-8.5,,-9.6,,-9.2,,-8.4,,-9.1,,-10.5,,-9.3,,-8.0,,-6.9,,-4.7,,-4.0,,-5.0,,-7.8,,-7.3,,-7.2,,-7.4,,-8.3,,-8.3,,-7.2,,-6.9,,-7.8,,-8.3,,-5.5,,-4.0,
M,BS-ICI-BAL,SA,LU,-13.5,,-13.0,,-9.7,,-19.5,,-25.8,,-42.7,,-39.2,,-21.3,,-20.8,,-10.5,,-26.0,,-28.1,,-18.5,,-18.9,,-20.5,,-20.7,,-17.0,,-19.8,,-28.8,,-25.2,,-10.1,,-13.2,,-11.5,,-22.9,,-17.3,,-16.6,,-18.9,,-8.2,,-6.5,,-15.9,,-14.8,,-27.6,,-20.9,,-28.3,,-21.4,,-25.1,
M,BS-ICI-BAL,SA,LV,-8.5,,-7.9,,-6.6,,-7.2,,-9.3,,-7.6,,-7.2,,-7.7,,-7.6,,-8.4,,-8.4,,-9.7,,-8.2,,-6.2,,-5.1,,-5.8,,-7.1,,-7.0,,-8.7,,-7.9,,-7.3,,-6.7,,-5.5,,-4.8,,-7.0,,-6.2,,-5.2,,-5.2,,-3.8,,-3.6,,-3.3,,-5.0,,-3.4,,-4.1,,-3.3,,-3.8,
M,BS-ICI-BAL,SA,ME,4.8,,3.6,,2.6,,2.7,,6.8,,5.5,,15.5,,8.3,,3.0,,0.9,,7.1,,4.0,,8.7,,5.0,,7.7,,8.2,,3.6,,5.0,,6.0,,5.3,,2.0,,8.3,,8.6,,10.0,,3.2,,4.3,,4.4,,7.3,,4.4,,5.9,,6.0,,7.5,,10.2,,2.4,,2.6,,6.2,
M,BS-ICI-BAL,SA,MK,-1.9,,-0.4,,1.3,,-0.8,,0.0,,-2.7,,-0.4,,-3.5,,-1.4,,-2.7,,-4.0,,-7.3,,-3.7,,-8.8,,-6.7,,-6.1,,-5.7,,-3.5,,-4.1,,-6.8,,-4.7,,-4.9,,-7.5,,-4.7,,-5.2,,-9.8,,-11.2,,-10.0,,-9.4,,-10.5,,-9.4,,-11.6,,-11.0,,-8.5,,-7.6,,-8.0,
M,BS-ICI-BAL,SA,MT,-8.6,,-3.2,,6.8,,8.5,,-11.4,,-20.0,,10.6,,9.1,,44.4,,0.3,,-4.7,,-2.8,,-13.6,,-37.9,,-11.0,,-12.2,,-10.3,,-8.7,,-8.2,,-6.9,,-38.0,,-10.4,,7.0,,-24.3,,-26.6,,-16.3,,15.5,,18.2,,-17.0,,8.6,,-5.8,,-6.0,,3.5,,6.6,,-3.1,,12.0,
M,BS-ICI-BAL,SA,NL,0.8,,1.0,,1.5,,-0.1,,-1.1,,-1.8,,-2.9,,-4.5,,-4.6,,-4.5,,-3.0,,-5.9,,-4.4,,-4.1,,-4.5,,-3.1,,-2.2,,-1.9,,-2.6,,-2.0,,-2.4,,-3.8,,-2.3,,-1.7,,-1.9,,-1.3,,-1.3,,-2.8,,-3.4,,-4.2,,-4.7,,-2.4,,-1.9,,-1.6,,-2.2,,-1.2,
M,BS-ICI-BAL,SA,PL,-19.8,,-19.3,,-18.4,,-19.6,,-20.1,,-19.2,,-20.2,,-18.9,,-18.4,,-17.7,,-16.5,,-17.1,,-17.0,,-16.1,,-15.9,,-16.4,,-17.2,,-17.3,,-17.4,,-16.8,,-16.6,,-17.8,,-17.1,,-16.8,,-16.4,,-16.0,,-15.1,,-15.9,,-15.9,,-15.4,,-16.0,,-16.5,,-15.3,,-15.6,,-14.8,,-15.4,
M,BS-ICI-BAL,SA,PT,-5.8,,-3.9,,-2.6,,-5.7,,-8.1,,-8.1,,-8.3,,-9.8,,-9.9,,-10.7,,-8.2,,-9.7,,-8.2,,-6.2,,-6.6,,-6.9,,-6.0,,-5.3,,-7.4,,-5.7,,-3.9,,-4.1,,-4.8,,-4.6,,-5.5,,-5.3,,-5.0,,-4.6,,-4.5,,-3.2,,-3.1,,-3.1,,-3.4,,-5.3,,-0.2,,-0.8,
M,BS-ICI-BAL,SA,RO,-0.7,,-0.8,,0.2,,-0.7,,-2.2,,-1.3,,-1.4,,-0.8,,-0.5,,-0.7,,-0.2,,0.3,,-0.1,,-0.7,,-0.7,,0.1,,-0.1,,-0.8,,-0.7,,-0.6,,-1.1,,0.6,,-0.4,,-2.5,,-2.0,,-1.4,,-0.4,,-1.3,,-2.1,,-1.6,,-2.0,,-2.0,,-1.7,,-2.6,,-2.1,,-2.0,
M,BS-ICI-BAL,SA,RS,-0.7,,-2.9,,-1.0,,-1.1,,0.1,,0.2,,-1.6,,-4.2,,-1.3,,-1.9,,1.0,,1.7,,2.3,,3.9,,2.0,,0.6,,0.8,,-0.3,,-0.1,,1.2,,1.3,,0.1,,-1.2,,0.8,,1.7,,-0.3,,-0.8,,-2.5,,-2.3,,-4.4,,-4.7,,-0.7,,-0.1,,-4.0,,-0.6,,0.6,
M,BS-ICI-BAL,SA,SE,4.0,,6.6,,5.2,,-0.5,,2.8,,0.1,,-3.7,,-0.7,,0.1,,-0.2,,-1.0,,-5.9,,-0.2,,-0.5,,-2.0,,-1.7,,-2.9,,-3.6,,-6.2,,-3.9,,-8.8,,-11.4,,-5.7,,-5.8,,-6.7,,-4.0,,-3.8,,-3.2,,-1.7,,-2.9,,-6.4,,-3.2,,-2.7,,-2.8,,-2.1,,1.7,
M,BS-ICI-BAL,SA,SI,-3.8,,-5.7,,-5.8,,-9.0,,-8.1,,-9.6,,-11.4,,-9.9,,-10.4,,-10.8,,-8.4,,-7.0,,-7.3,,-10.3,,-9.1,,-7.9,,-7.0,,-6.6,,-6.1,,-6.8,,-7.4,,-8.8,,-8.0,,-6.9,,-7.7,,-6.8,,-7.0,,-6.8,,-8.0,,-9.8,,-6.9,,-5.5,,-5.0,,-6.6,,-4.2,,-2.4,
M,BS-ICI-BAL,SA,SK,-9.2,,-10.5,,-0.8,,-3.2,,-15.9,,-18.0,,-14.7,,-3.1,,-6.3,,-6.3,,-3.2,,-5.7,,-6.1,,-7.3,,-0.9,,-3.0,,0.3,,5.3,,1.0,,2.1,,-1.6,,-3.8,,-1.9,,3.1,,-2.5,,-4.9,,-4.1,,-5.8,,-5.9,,-6.7,,-2.7,,4.1,,-3.0,,-10.3,,-8.4,,3.6,
M,BS-ICI-BAL,SA,TR,-2.2,,-1.5,,0.3,,0.7,,1.4,,0.4,,0.3,,-1.2,,-1.7,,-1.3,,-1.8,,-2.3,,-1.6,,-1.8,,-1.4,,-0.5,,-1.7,,-3.5,,-3.5,,-4.2,,-3.3,,-0.6,,0.2,,-0.9,,0.0,,-1.6,,0.0,,-0.8,,-2.5,,-2.1,,-1.7,,-1.3,,-1.5,,-0.1,,1.0,,1.7,
M,BS-RCI-BAL,NSA,AL,8.8,,5.1,,9.1,,8.6,,11.8,,20.1,,19.9,,15.7,,13.4,,14.6,,9.1,,11.9,,9.8,,-1.7,,7.1,,12.1,,15.8,,16.1,,12.8,,17.8,,19.4,,17.2,,15.6,,12.3,,10.5,,10.5,,6.3,,11.3,,13.4,,14.7,,15.7,,15.9,,10.5,,12.4,,10.9,,12.9,
M,BS-RCI-BAL,NSA,AT,-17.1,,-13.9,,-28.9,,-11.4,,-33.8,,-27.0,,-29.6,,-23.1,,-24.1,,-26.8,,-29.5,,-21.0,,-33.2,,-15.0,,-12.5,,-6.6,,-6.1,,-6.0,,-24.0,,-17.0,,-26.8,,-20.8,,-12.7,,-15.1,,-5.9,,-9.0,,-13.0,,-2.7,,-1.4,,2.2,,-2.3,,-1.3,,-1.5,,-5.6,,-4.9,,-14.4,
M,BS-RCI-BAL,NSA,BE,-7.0,,-8.2,,-11.0,,-11.8,,-9.2,,-9.0,,-9.7,,-11.6,,-7.2,,-24.6,,-9.8,,-7.9,,-8.2,,-8.6,,-18.6,,-22.2,,-26.7,,-22.4,,-21.5,,-21.1,,-13.7,,-14.1,,-7.5,,-11.9,,-19.4,,-1.4,,-12.0,,-12.1,,-0.9,,-9.3,,-5.6,,-5.6,,-4.8,,-16.3,,-8.1,,-17.4,
M,BS-RCI-BAL,NSA,BG,15.0,,14.1,,14.0,,15.6,,18.0,,14.9,,16.9,,16.6,,16.6,,11.1,,12.8,,10.1,,9.1,,7.6,,8.2,,10.5,,17.3,,14.7,,16.6,,10.5,,17.4,,11.3,,9.9,,11.7,,12.8,,14.0,,13.4,,12.8,,17.3,,19.0,,16.5,,12.3,,9.9,,10.0,,15.1,,13.0,
M,BS-RCI-BAL,NSA,CY,-1.4,,-1.6,,-1.8,,0.6,,3.8,,5.6,,1.5,,1.1,,-0.9,,1.3,,1.3,,-3.0,,-1.7,,-3.1,,-6.2,,-3.4,,-3.0,,-3.2,,1.2,,-4.0,,2.2,,3.9,,1.8,,-2.6,,-0.6,,1.1,,4.0,,3.1,,5.4,,-0.2,,0.6,,4.2,,3.7,,1.8,,5.2,,4.1,
M,BS-RCI-BAL,NSA,CZ,16.0,,13.7,,17.5,,17.4,,17.1,,15.0,,16.6,,13.4,,12.8,,13.8,,14.5,,14.9,,11.3,,4.2,,11.1,,11.1,,13.5,,9.0,,15.5,,20.1,,19.7,,14.3,,12.8,,12.2,,16.0,,16.5,,21.6,,19.0,,16.6,,9.3,,15.1,,13.8,,16.5,,13.7,,15.2,,9.9,
M,BS-RCI-BAL,NSA,DE,-16.0,,-13.2,,-13.2,,-11.6,,-17.0,,-15.8,,-17.8,,-19.6,,-19.5,,-23.2,,-21.5,,-22.0,,-26.0,,-23.7,,-18.3,,-17.0,,-15.2,,-19.4,,-24.4,,-21.7,,-23.6,,-25.0,,-22.3,,-23.1,,-24.3,,-20.4,,-22.5,,-24.7,,-18.3,,-20.3,,-23.4,,-21.5,,-22.7,,-22.7,,-26.1,,-27.9,
M,BS-RCI-BAL,NSA,DK,-36.4,,-22.4,,-10.6,,-9.1,,-9.0,,-14.5,,-5.0,,-12.6,,-9.2,,-7.4,,-4.4,,-4.7,,-5.1,,-4.9,,-8.4,,-3.3,,-4.1,,-3.9,,-6.8,,-5.4,,-5.4,,4.9,,2.7,,3.0,,-3.3,,1.4,,-4.8,,-0.8,,2.5,,-2.3,,-1.5,,-4.1,,5.5,,4.1,,5.4,,7.5,
M,BS-RCI-BAL,NSA,EA20,-3.8,,-1.8,,-2.2,,0.1,,-3.4,,-4.2,,-3.8,,-3.7,,-4.7,,-7.2,,-7.3,,-8.1,,-8.7,,-7.9,,-6.2,,-5.7,,-5.3,,-6.8,,-9.2,,-7.1,,-7.6,,-7.3,,-4.5,,-6.5,,-7.9,,-6.3,,-7.4,,-8.3,,-5.5,,-6.6,,-6.5,,-5.1,,-6.8,,-6.5,,-5.2,,-8.7,
M,BS-RCI-BAL,NSA,EA21,-3.7,,-1.7,,-2.1,,0.2,,-3.3,,-4.1,,-3.7,,-3.6,,-4.6,,-7.1,,-7.2,,-8.0,,-8.6,,-7.8,,-6.2,,-5.6,,-5.2,,-6.7,,-9.1,,-7.0,,-7.4,,-7.2,,-4.4,,-6.4,,-7.8,,-6.1,,-7.2,,-8.1,,-5.4,,-6.4,,-6.4,,-5.0,,-6.7,,-6.4,,-5.1,,-8.6,
M,BS-RCI-BAL,NSA,EE,-14.3,,-11.2,,-1.7,,12.0,,6.1,,-2.0,,-2.5,,-6.0,,-5.8,,-15.5,,-10.6,,-24.7,,-29.7,,-30.6,,-24.1,,-12.7,,-13.5,,-6.8,,-13.8,,-19.6,,-21.6,,-20.6,,-19.6,,-24.1,,-26.2,,-18.2,,-21.1,,-12.8,,-4.5,,-3.8,,-6.7,,-11.7,,-14.8,,-13.2,,-10.0,,-14.8,
M,BS-RCI-BAL,NSA,EL,21.8,,24.4,,20.6,,22.1,,12.9,,18.4,,23.9,,25.5,,30.5,,14.7,,18.8,,21.7,,12.4,,18.0,,0.9,,-2.3,,18.7,,18.3,,18.5,,24.4,,13.9,,6.7,,12.8,,8.8,,0.3,,-0.4,,-5.5,,-4.2,,-2.5,,12.7,,-0.6,,-3.2,,0.2,,6.4,,9.5,,-6.0,
M,BS-RCI-BAL,NSA,ES,-1.2,,0.0,,3.0,,8.6,,7.0,,2.7,,7.6,,3.4,,2.1,,4.8,,2.6,,-2.4,,-1.5,,2.3,,3.8,,2.8,,4.6,,4.8,,2.4,,7.4,,3.4,,,:,,:,,:,,:,,:,,:,,:,,:,,:,,:,,:,,:,,:,,:,,:
M,BS-RCI-BAL,NSA,EU27_2020,-4.6,,-2.6,,-2.5,,-0.3,,-2.8,,-3.7,,-3.2,,-3.3,,-4.1,,-6.0,,-6.2,,-6.9,,-7.5,,-6.8,,-5.2,,-4.1,,-4.0,,-5.1,,-7.1,,-5.3,,-5.5,,-5.4,,-3.1,,-5.0,,-6.4,,-4.7,,-5.8,,-6.4,,-4.0,,-5.3,,-5.3,,-3.9,,-5.2,,-4.7,,-3.7,,-6.7,
M,BS-RCI-BAL,NSA,FI,-17.0,,-11.7,,-2.0,,2.3,,-0.3,,-3.0,,-10.7,,-5.7,,-9.0,,-8.0,,-7.3,,-17.3,,-4.3,,-5.3,,-3.7,,-14.7,,-19.0,,-9.0,,-15.3,,-23.7,,-13.7,,-10.7,,-13.7,,-4.3,,-4.3,,-3.3,,-1.3,,11.7,,13.0,,5.3,,1.0,,3.0,,4.7,,-2.3,,-1.3,,-9.7,
M,BS-RCI-BAL,NSA,FR,-4.7,,-4.8,,-7.9,,-3.7,,-6.5,,-11.1,,-8.4,,-4.1,,-6.9,,-11.7,,-14.5,,-12.9,,-11.7,,-13.0,,-10.7,,-9.6,,-10.2,,-12.9,,-14.0,,-11.2,,-9.9,,-10.5,,-8.9,,-12.4,,-13.4,,-14.3,,-13.4,,-14.7,,-12.7,,-13.7,,-12.5,,-10.2,,-15.2,,-14.9,,-11.1,,-13.9,
M,BS-RCI-BAL,NSA,HR,4.4,,9.9,,7.3,,24.8,,21.9,,19.8,,17.4,,15.5,,12.5,,14.7,,12.1,,9.6,,9.0,,15.5,,17.0,,19.3,,22.1,,21.2,,12.4,,7.8,,18.3,,15.8,,12.2,,11.3,,6.1,,8.3,,10.4,,7.1,,7.3,,2.2,,6.8,,3.2,,4.5,,1.9,,5.6,,1.7,
M,BS-RCI-BAL,NSA,HU,-12.1,,-9.3,,-12.7,,-12.3,,-10.7,,-16.9,,-16.0,,-13.2,,-12.9,,-13.5,,-16.9,,-16.8,,-10.6,,-7.0,,-11.8,,-11.3,,-9.9,,-12.5,,-12.0,,-8.5,,-14.5,,-18.5,,-23.3,,-29.8,,-25.3,,-21.0,,-18.8,,-19.9,,-22.7,,-23.0,,-23.5,,-18.8,,-19.5,,-17.3,,-18.8,,-19.9,
M,BS-RCI-BAL,NSA,IE,7.1,,4.9,,2.9,,3.5,,6.6,,6.9,,2.0,,2.1,,2.1,,-1.5,,1.1,,-0.6,,5.8,,7.5,,6.0,,4.3,,5.5,,7.6,,3.8,,-2.5,,1.5,,-5.8,,5.5,,5.6,,1.4,,6.6,,3.1,,10.4,,1.5,,-3.0,,8.5,,9.6,,7.8,,6.9,,8.1,,7.5,
M,BS-RCI-BAL,NSA,IT,11.8,,16.9,,17.3,,15.4,,13.2,,12.7,,14.2,,13.3,,12.8,,14.1,,12.4,,9.5,,12.8,,6.4,,10.1,,9.2,,8.2,,7.9,,8.8,,8.7,,10.9,,14.6,,16.9,,12.8,,12.9,,9.9,,9.4,,7.6,,8.0,,7.1,,12.4,,9.8,,9.9,,16.3,,18.0,,13.6,
M,BS-RCI-BAL,NSA,LT,-1.3,,3.0,,3.2,,5.0,,6.1,,3.1,,3.6,,4.4,,3.5,,0.1,,-0.4,,-2.6,,-2.4,,0.0,,0.5,,8.0,,10.6,,8.8,,3.9,,5.1,,4.3,,0.7,,1.4,,0.5,,0.0,,-2.8,,2.2,,2.7,,5.6,,4.3,,3.5,,5.8,,7.1,,5.9,,6.7,,2.8,
M,BS-RCI-BAL,NSA,LV,-0.2,,0.8,,5.5,,11.6,,17.5,,15.8,,11.3,,5.9,,1.5,,-1.7,,-4.4,,-7.3,,-7.2,,-2.6,,0.3,,8.5,,11.0,,9.7,,7.0,,5.5,,2.1,,1.0,,-4.2,,-7.2,,-2.0,,-2.8,,0.4,,8.7,,10.3,,10.2,,8.6,,7.1,,4.3,,1.5,,-0.5,,-8.5,
M,BS-RCI-BAL,NSA,ME,5.3,,9.3,,14.0,,16.8,,31.3,,36.7,,24.2,,18.5,,4.7,,3.2,,-3.8,,-3.5,,0.3,,5.2,,12.0,,21.2,,27.5,,27.8,,26.2,,10.5,,9.8,,-3.3,,-0.5,,-8.0,,0.8,,2.3,,14.3,,16.7,,24.3,,22.0,,17.7,,7.2,,6.0,,-5.3,,-6.8,,-6.8,
M,BS-RCI-BAL,NSA,MK,-3.8,,-4.2,,-0.6,,6.3,,6.3,,9.3,,7.1,,7.5,,5.5,,1.4,,-4.2,,-4.7,,0.3,,7.8,,2.5,,5.1,,12.9,,7.1,,8.8,,8.1,,10.8,,11.8,,12.6,,14.4,,15.8,,11.6,,15.2,,11.4,,8.9,,12.8,,15.1,,17.5,,14.9,,14.7,,13.9,,20.7,
M,BS-RCI-BAL,NSA,MT,16.4,,-3.8,,27.9,,36.7,,-10.3,,-14.7,,22.4,,18.6,,12.2,,4.8,,-5.0,,12.3,,17.4,,12.3,,12.5,,11.1,,1.5,,-0.5,,-9.1,,-10.8,,-9.7,,5.2,,-26.3,,-9.3,,-12.9,,7.7,,-3.6,,-4.7,,9.8,,9.8,,-9.7,,4.5,,17.8,,10.3,,19.5,,18.6,
M,BS-RCI-BAL,NSA,NL,2.2,,3.8,,8.9,,5.5,,4.9,,8.0,,5.4,,5.5,,1.4,,4.2,,4.9,,1.8,,-1.6,,5.7,,-1.6,,2.7,,-2.4,,-6.1,,-1.8,,0.0,,-2.4,,0.3,,6.1,,8.4,,-0.7,,4.9,,7.0,,2.2,,-2.8,,-1.2,,-1.0,,9.7,,4.7,,0.4,,8.7,,8.6,
M,BS-RCI-BAL,NSA,PL,-5.8,,-4.6,,-4.1,,0.8,,0.1,,-0.3,,-2.4,,-2.7,,-1.3,,0.4,,1.9,,-0.7,,-3.4,,-4.4,,-2.2,,1.1,,1.5,,-0.4,,-1.0,,0.8,,-1.3,,-1.4,,1.3,,-2.5,,-5.6,,-4.8,,-5.1,,-2.0,,-0.1,,-0.2,,-2.2,,-1.3,,-3.1,,-1.2,,0.0,,-2.2,
M,BS-RCI-BAL,NSA,PT,2.8,,4.2,,3.6,,5.9,,7.0,,4.5,,6.2,,7.6,,3.5,,3.5,,1.5,,3.0,,2.4,,0.3,,0.1,,3.5,,2.5,,4.0,,3.0,,3.5,,3.0,,3.6,,2.0,,2.4,,2.8,,2.7,,1.3,,2.3,,2.9,,3.7,,4.5,,5.8,,4.5,,5.5,,6.0,,4.8,
M,BS-RCI-BAL,NSA,RO,4.0,,-0.5,,0.9,,-0.9,,13.1,,10.7,,9.1,,8.2,,10.1,,7.9,,3.3,,6.0,,7.2,,5.3,,3.0,,9.4,,11.2,,13.4,,12.9,,7.4,,15.7,,13.3,,8.2,,2.8,,5.4,,3.8,,6.6,,7.8,,2.1,,1.3,,-3.8,,-0.6,,-1.5,,-7.4,,-5.5,,-4.1,
M,BS-RCI-BAL,NSA,RS,-0.3,,1.1,,9.8,,15.1,,15.7,,10.9,,12.4,,15.8,,8.6,,12.6,,13.3,,4.6,,3.2,,6.1,,12.9,,19.7,,21.8,,18.4,,12.5,,15.9,,11.9,,12.5,,15.2,,5.4,,-1.7,,5.3,,10.6,,11.8,,18.0,,14.4,,11.6,,5.1,,6.6,,6.9,,5.2,,7.0,
M,BS-RCI-BAL,NSA,SE,-18.7,,-16.3,,-10.7,,-13.7,,-3.1,,-1.4,,-1.2,,0.1,,-4.5,,1.4,,-2.9,,-2.2,,0.6,,3.8,,7.6,,15.6,,5.0,,14.9,,15.0,,14.7,,18.1,,16.9,,17.3,,20.9,,18.7,,22.2,,16.9,,17.2,,18.6,,12.8,,16.9,,21.0,,21.0,,30.3,,24.0,,24.2,
M,BS-RCI-BAL,NSA,SI,13.8,,19.5,,11.2,,18.2,,13.8,,17.6,,1.1,,14.8,,17.2,,17.2,,1.9,,11.9,,12.8,,12.3,,8.6,,19.6,,14.5,,23.6,,0.7,,10.9,,11.2,,4.6,,20.9,,16.4,,17.7,,23.0,,28.5,,5.9,,8.2,,1.1,,2.0,,-4.8,,6.4,,11.8,,12.6,,17.0,
M,BS-RCI-BAL,NSA,SK,13.3,,4.3,,5.0,,8.3,,6.3,,3.3,,9.3,,7.7,,4.3,,5.3,,7.3,,6.0,,5.3,,2.7,,4.3,,8.0,,7.0,,12.0,,9.7,,12.3,,12.3,,17.3,,16.7,,8.7,,8.0,,7.7,,11.0,,9.0,,9.0,,10.7,,10.7,,9.3,,9.0,,9.0,,12.0,,9.7,
M,BS-RCI-BAL,NSA,TR,19.2,,17.6,,15.3,,17.3,,19.4,,21.5,,21.3,,19.7,,19.8,,14.0,,9.3,,10.0,,10.3,,9.7,,9.8,,16.2,,14.2,,11.5,,11.8,,11.8,,12.4,,10.2,,8.7,,8.2,,11.4,,14.0,,11.1,,12.1,,13.9,,10.4,,11.1,,12.1,,10.7,,13.5,,12.6,,12.3,
M,BS-RCI-BAL,SA,AL,10.7,,9.6,,12.7,,10.0,,14.3,,17.1,,14.8,,12.0,,11.5,,13.3,,9.8,,12.4,,11.4,,2.6,,11.1,,14.2,,17.4,,13.2,,8.1,,13.6,,17.6,,15.5,,16.7,,13.5,,11.2,,15.0,,10.3,,13.1,,15.3,,11.7,,10.9,,12.0,,9.4,,10.0,,12.0,,13.7,
M,BS-RCI-BAL,SA,AT,-12.6,,-13.0,,-26.4,,-17.5,,-35.2,,-32.4,,-28.7,,-24.8,,-26.0,,-25.4,,-29.1,,-16.4,,-27.4,,-15.7,,-9.8,,-10.0,,-8.4,,-11.5,,-20.6,,-20.0,,-29.9,,-19.5,,-11.8,,-10.0,,-3.0,,-8.0,,-10.5,,-4.9,,-5.1,,-2.7,,-1.6,,-3.4,,-3.0,,-4.6,,-4.7,,-7.1,
M,BS-RCI-BAL,SA,BE,-10.2,,-12.0,,-9.2,,-9.5,,-9.4,,-11.1,,-8.4,,-10.5,,-7.6,,-23.0,,-10.5,,-8.0,,-9.2,,-13.4,,-18.2,,-18.9,,-25.8,,-21.5,,-17.3,,-21.2,,-17.3,,-16.0,,-9.2,,-9.7,,-19.1,,-4.4,,-10.9,,-8.3,,-1.9,,-9.4,,-4.3,,-5.8,,-6.8,,-16.4,,-8.2,,-13.9,
M,BS-RCI-BAL,SA,BG,17.0,,16.3,,16.8,,17.6,,15.3,,11.8,,13.5,,15.6,,14.5,,11.9,,14.0,,11.4,,10.9,,9.9,,11.9,,11.3,,14.6,,11.9,,13.6,,9.6,,15.3,,12.2,,10.8,,12.7,,14.3,,16.1,,15.7,,14.8,,14.9,,16.5,,13.9,,11.6,,8.2,,10.9,,15.5,,13.7,
M,BS-RCI-BAL,SA,CY,0.2,,-1.4,,-1.1,,0.6,,1.5,,3.3,,1.5,,2.9,,-0.3,,-0.3,,0.2,,-0.7,,-0.3,,-2.9,,-5.5,,-3.4,,-5.0,,-5.1,,1.2,,-2.4,,2.6,,2.3,,0.8,,-0.4,,0.8,,1.4,,4.6,,3.1,,3.5,,-1.8,,0.6,,5.7,,4.0,,0.3,,4.2,,6.2,
M,BS-RCI-BAL,SA,CZ,17.6,,16.1,,19.3,,16.9,,16.9,,15.0,,15.9,,12.1,,11.4,,12.3,,13.5,,15.1,,13.3,,6.9,,12.7,,10.7,,13.4,,9.4,,14.7,,18.7,,18.0,,12.9,,11.7,,12.4,,18.2,,19.1,,22.9,,18.6,,16.6,,9.9,,14.4,,12.5,,14.8,,12.3,,13.9,,10.1,
M,BS-RCI-BAL,SA,DE,-15.4,,-14.5,,-15.0,,-12.7,,-18.7,,-17.1,,-17.6,,-20.0,,-19.7,,-21.6,,-19.0,,-19.1,,-25.4,,-25.0,,-20.1,,-18.0,,-16.9,,-20.6,,-24.2,,-22.1,,-23.7,,-23.5,,-19.7,,-20.3,,-23.7,,-21.7,,-24.4,,-25.7,,-20.0,,-21.5,,-23.2,,-22.0,,-22.9,,-21.2,,-23.6,,-25.1,
M,BS-RCI-BAL,SA,DK,-30.9,,-21.0,,-9.9,,-10.8,,-9.5,,-12.2,,-3.8,,-12.9,,-10.8,,-9.7,,-6.0,,-4.4,,-0.1,,-3.9,,-8.4,,-5.9,,-4.5,,-1.0,,-5.6,,-5.3,,-7.2,,2.3,,1.1,,2.5,,0.3,,1.4,,-5.8,,-4.1,,2.5,,1.0,,0.3,,-2.6,,4.6,,0.9,,3.7,,7.7,
M,BS-RCI-BAL,SA,EA20,-1.0,,-0.6,,-1.8,,-0.6,,-5.1,,-5.4,,-4.0,,-4.9,,-5.6,,-7.5,,-7.6,,-6.1,,-6.0,,-6.8,,-5.8,,-6.3,,-6.9,,-7.8,,-9.3,,-8.3,,-8.4,,-7.7,,-4.9,,-4.6,,-5.2,,-5.1,,-6.9,,-8.8,,-7.1,,-7.6,,-6.6,,-6.4,,-7.7,,-6.9,,-5.7,,-6.9,
M,BS-RCI-BAL,SA,EA21,-1.0,,-0.6,,-1.7,,-0.5,,-5.0,,-5.3,,-3.9,,-4.8,,-5.4,,-7.3,,-7.5,,-6.0,,-6.0,,-6.7,,-5.8,,-6.2,,-6.8,,-7.7,,-9.2,,-8.2,,-8.2,,-7.5,,-4.8,,-4.4,,-5.3,,-5.1,,-6.8,,-8.7,,-7.0,,-7.4,,-6.4,,-6.2,,-7.5,,-6.7,,-5.5,,-6.6,
M,BS-RCI-BAL,SA,EE,-3.2,,-5.6,,1.4,,4.8,,-3.5,,-10.0,,-9.4,,-8.1,,-7.0,,-13.1,,-8.2,,-16.4,,-17.5,,-23.9,,-21.5,,-19.0,,-22.9,,-16.8,,-18.9,,-21.9,,-22.0,,-17.9,,-18.2,,-15.9,,-14.5,,-12.0,,-17.8,,-19.0,,-14.6,,-13.4,,-11.3,,-14.2,,-14.1,,-10.5,,-9.5,,-6.3,
M,BS-RCI-BAL,SA,EL,19.5,,23.5,,22.4,,24.3,,14.7,,20.0,,22.3,,22.7,,29.1,,15.7,,19.2,,22.0,,12.7,,19.3,,4.1,,0.3,,19.3,,17.9,,16.8,,22.7,,13.7,,6.7,,11.3,,7.9,,0.5,,0.0,,-4.7,,-3.2,,-1.6,,13.9,,1.7,,-1.5,,-0.1,,4.0,,6.7,,-7.4,
M,BS-RCI-BAL,SA,ES,2.3,,1.8,,3.0,,7.5,,4.3,,0.0,,6.2,,1.4,,1.8,,3.3,,3.3,,0.3,,2.8,,4.9,,4.0,,2.3,,2.5,,2.9,,1.9,,5.2,,2.8,,,:,,:,,:,,:,,:,,:,,:,,:,,:,,:,,:,,:,,:,,:,,:
M,BS-RCI-BAL,SA,EU27_2020,-1.8,,-1.3,,-1.8,,-1.3,,-4.4,,-4.8,,-3.7,,-4.4,,-5.1,,-6.3,,-6.3,,-5.0,,-4.6,,-5.5,,-4.9,,-4.7,,-5.6,,-6.4,,-7.3,,-6.6,,-6.5,,-5.6,,-3.5,,-3.1,,-3.7,,-3.6,,-5.5,,-6.9,,-5.7,,-6.4,,-5.3,,-5.3,,-6.0,,-4.9,,-4.2,,-4.6,
M,BS-RCI-BAL,SA,FI,-17.7,,-13.5,,-1.9,,-1.7,,-1.9,,-3.7,,-13.3,,-4.4,,-9.8,,-6.3,,-4.6,,-11.7,,-3.9,,-6.8,,-5.8,,-16.5,,-20.6,,-11.9,,-15.8,,-23.4,,-14.5,,-7.9,,-12.0,,2.5,,-4.0,,-5.1,,-3.4,,9.7,,10.3,,3.5,,0.5,,2.1,,5.0,,0.4,,-0.7,,-1.7,
M,BS-RCI-BAL,SA,FR,-2.2,,-4.0,,-7.9,,-4.3,,-7.0,,-11.4,,-8.2,,-3.6,,-7.6,,-13.8,,-15.6,,-11.9,,-8.3,,-12.5,,-11.0,,-10.5,,-10.6,,-12.9,,-12.9,,-11.2,,-12.1,,-11.3,,-9.7,,-12.3,,-9.9,,-13.4,,-14.3,,-14.4,,-13.4,,-14.8,,-11.2,,-10.2,,-16.7,,-15.9,,-12.3,,-12.8,
M,BS-RCI-BAL,SA,HR,9.6,,12.2,,8.2,,20.1,,14.6,,12.6,,14.4,,16.1,,13.4,,16.4,,15.2,,16.5,,14.4,,17.9,,17.8,,14.6,,15.0,,14.1,,9.6,,8.3,,19.0,,17.3,,15.1,,18.2,,11.7,,10.7,,11.3,,2.5,,0.4,,-4.6,,4.0,,3.7,,5.0,,3.4,,8.4,,8.6,
M,BS-RCI-BAL,SA,HU,-12.9,,-11.3,,-13.5,,-14.5,,-12.2,,-16.4,,-15.1,,-14.4,,-14.7,,-13.2,,-14.6,,-12.6,,-11.2,,-8.6,,-12.3,,-12.5,,-11.2,,-13.1,,-12.0,,-11.3,,-16.2,,-18.7,,-20.3,,-23.8,,-24.3,,-21.4,,-19.8,,-20.9,,-23.6,,-22.3,,-22.9,,-20.7,,-21.2,,-17.5,,-16.7,,-16.2,
M,BS-RCI-BAL,SA,IE,6.6,,2.2,,3.4,,3.6,,4.2,,3.8,,1.9,,2.2,,2.5,,1.9,,2.2,,2.3,,4.2,,4.4,,5.8,,4.5,,5.2,,6.1,,3.7,,-0.9,,2.7,,-5.4,,4.2,,7.9,,0.3,,2.2,,0.1,,7.3,,3.6,,3.3,,12.4,,10.8,,9.6,,6.5,,8.2,,7.5,
M,BS-RCI-BAL,SA,IT,11.9,,17.0,,19.6,,18.4,,15.7,,14.2,,13.4,,11.7,,11.4,,10.3,,9.4,,10.3,,12.4,,6.8,,12.1,,12.2,,10.8,,9.8,,8.3,,7.6,,9.8,,11.0,,13.5,,13.0,,12.1,,10.4,,11.2,,10.6,,10.7,,9.4,,12.0,,8.9,,9.0,,12.7,,14.5,,13.5,
M,BS-RCI-BAL,SA,LT,1.7,,5.3,,6.5,,5.1,,3.2,,-0.1,,1.1,,1.4,,1.7,,0.7,,1.0,,0.2,,0.5,,2.5,,3.3,,8.1,,7.6,,5.7,,1.8,,2.3,,2.4,,1.1,,2.6,,3.3,,2.6,,0.0,,4.9,,3.2,,3.0,,1.4,,1.6,,2.9,,4.9,,5.9,,7.4,,5.4,
M,BS-RCI-BAL,SA,LV,7.0,,6.6,,8.2,,5.9,,8.4,,5.7,,3.4,,1.8,,1.6,,2.2,,1.9,,3.7,,-0.2,,3.1,,2.8,,2.7,,2.0,,0.0,,-0.5,,1.5,,2.1,,4.6,,1.9,,3.8,,4.9,,2.8,,2.8,,2.9,,1.5,,0.7,,1.3,,3.1,,4.3,,5.0,,5.5,,2.4,
M,BS-RCI-BAL,SA,ME,15.4,,13.5,,13.1,,9.8,,16.2,,19.4,,13.7,,16.0,,7.1,,13.0,,8.3,,11.1,,10.5,,10.4,,10.2,,13.3,,12.3,,11.3,,15.0,,8.5,,11.2,,7.4,,11.5,,6.8,,11.4,,8.0,,11.8,,8.1,,8.9,,6.6,,6.5,,5.4,,7.0,,6.2,,5.1,,7.6,
M,BS-RCI-BAL,SA,MK,-0.7,,-3.3,,-1.1,,3.8,,3.2,,7.7,,4.9,,4.6,,4.3,,3.6,,-1.0,,-1.3,,2.8,,8.1,,2.3,,3.3,,10.9,,6.3,,7.4,,5.7,,9.8,,13.6,,15.4,,16.7,,17.3,,11.5,,15.0,,10.0,,7.7,,12.3,,14.0,,15.2,,13.9,,16.5,,16.7,,22.4,
M,BS-RCI-BAL,SA,MT,24.0,,-2.2,,23.3,,35.0,,-9.7,,-14.6,,25.7,,19.3,,9.1,,0.3,,-8.6,,16.0,,24.9,,13.8,,7.9,,9.4,,2.0,,-0.4,,-5.7,,-10.1,,-12.8,,0.7,,-29.8,,-5.5,,-5.4,,9.2,,-8.2,,-6.4,,10.3,,9.9,,-6.4,,5.2,,14.7,,5.8,,16.0,,22.3,
M,BS-RCI-BAL,SA,NL,6.5,,3.7,,8.5,,5.4,,6.9,,10.3,,6.6,,3.2,,1.7,,4.8,,2.5,,-3.7,,2.3,,4.9,,-2.2,,2.6,,0.4,,-3.0,,0.1,,-2.3,,-1.8,,1.0,,3.1,,2.7,,2.8,,3.5,,5.9,,2.1,,0.5,,2.5,,1.3,,6.8,,5.3,,1.4,,5.5,,3.1,
M,BS-RCI-BAL,SA,PL,-3.4,,-1.8,,-1.9,,-0.5,,-1.6,,-1.9,,-3.1,,-3.1,,-0.9,,-0.2,,-0.2,,-0.5,,-0.7,,-1.6,,-0.4,,0.2,,-0.3,,-2.2,,-1.1,,0.0,,-0.8,,-1.7,,-1.0,,-2.2,,-3.0,,-2.2,,-3.2,,-2.7,,-2.2,,-1.8,,-2.3,,-2.4,,-2.3,,-1.5,,-2.4,,-1.7,
M,BS-RCI-BAL,SA,PT,3.6,,5.5,,6.1,,5.7,,5.9,,3.6,,5.6,,5.1,,2.4,,3.0,,2.3,,4.5,,3.1,,1.7,,2.5,,3.2,,1.5,,3.2,,2.4,,1.3,,2.0,,3.0,,2.7,,3.8,,3.5,,4.0,,3.7,,2.1,,2.0,,3.0,,3.9,,3.6,,3.6,,4.9,,6.6,,6.1,
M,BS-RCI-BAL,SA,RO,8.5,,3.6,,5.6,,0.6,,8.8,,6.0,,5.4,,5.0,,6.2,,7.0,,6.9,,9.0,,10.6,,9.2,,7.0,,10.1,,7.2,,9.1,,10.1,,5.0,,12.2,,13.0,,11.5,,5.6,,8.3,,7.6,,9.7,,7.8,,-1.7,,-2.6,,-6.2,,-2.9,,-4.8,,-7.1,,-2.2,,-1.3,
M,BS-RCI-BAL,SA,RS,10.6,,6.9,,9.1,,10.0,,7.8,,5.9,,11.1,,14.0,,8.4,,12.1,,12.6,,11.0,,14.2,,11.8,,12.3,,14.5,,13.7,,13.4,,11.2,,14.2,,11.9,,11.9,,14.5,,11.7,,9.4,,11.0,,9.9,,6.7,,9.8,,9.5,,10.2,,3.7,,6.7,,6.3,,4.6,,13.1,
M,BS-RCI-BAL,SA,SE,-15.1,,-15.1,,-9.7,,-14.2,,-3.6,,-1.3,,-2.2,,-1.7,,-7.7,,-0.5,,-2.6,,0.8,,4.2,,5.0,,8.6,,15.1,,4.5,,15.0,,14.0,,12.9,,14.9,,14.9,,17.6,,23.8,,22.2,,23.4,,17.9,,16.7,,18.0,,12.9,,16.0,,19.2,,17.8,,28.3,,24.3,,27.1,
M,BS-RCI-BAL,SA,SI,18.2,,16.6,,8.0,,17.5,,12.7,,15.5,,2.1,,19.0,,16.2,,16.8,,1.0,,15.0,,16.9,,9.3,,5.3,,18.7,,13.4,,21.4,,1.7,,15.2,,10.6,,4.5,,19.8,,19.7,,21.7,,19.9,,25.1,,4.8,,7.2,,-1.1,,3.0,,-0.5,,6.1,,11.8,,11.3,,20.2,
M,BS-RCI-BAL,SA,SK,18.4,,5.8,,3.5,,6.4,,4.2,,0.9,,8.5,,6.5,,3.4,,5.2,,7.3,,10.5,,10.4,,4.2,,2.7,,6.2,,5.0,,9.7,,8.9,,11.2,,11.3,,17.0,,16.5,,13.1,,13.0,,9.2,,9.4,,7.2,,7.1,,8.4,,9.9,,8.2,,8.0,,8.6,,11.8,,14.0,
M,BS-RCI-BAL,SA,TR,21.0,,19.2,,17.6,,17.2,,17.9,,19.0,,16.6,,16.1,,18.5,,15.4,,13.5,,14.5,,12.8,,11.0,,10.9,,12.8,,11.0,,9.9,,10.4,,10.5,,12.6,,11.9,,12.0,,11.0,,12.4,,13.8,,12.1,,10.8,,12.3,,9.8,,10.4,,11.1,,11.5,,13.5,,13.4,,14.0,
M,BS-SCI-BAL,NSA,AL,22.3,,21.4,,25.0,,19.1,,26.9,,34.7,,32.5,,35.8,,29.5,,27.4,,25.0,,25.7,,19.1,,15.3,,24.6,,27.0,,32.3,,31.8,,39.2,,31.5,,32.2,,30.7,,27.9,,22.4,,23.4,,18.2,,23.3,,22.0,,31.6,,28.7,,36.3,,32.8,,32.0,,30.5,,19.5,,16.6,
M,BS-SCI-BAL,NSA,AT,9.0,,13.7,,4.6,,10.3,,9.7,,1.9,,1.5,,0.2,,-6.2,,-4.4,,-8.8,,-7.4,,-0.8,,2.3,,4.7,,6.2,,8.5,,3.1,,2.0,,0.6,,4.8,,1.9,,0.5,,-3.2,,4.3,,7.0,,4.6,,3.1,,10.1,,6.5,,10.9,,5.7,,2.0,,6.1,,2.5,,7.6,
M,BS-SCI-BAL,NSA,BE,0.1,,0.3,,4.1,,11.1,,7.9,,2.6,,1.1,,-1.7,,5.6,,-5.2,,4.5,,9.5,,4.2,,11.6,,4.6,,8.6,,1.3,,0.9,,-3.3,,8.6,,4.4,,4.2,,6.2,,-4.4,,6.7,,-0.1,,-0.8,,-4.6,,1.3,,2.8,,0.0,,-2.0,,-2.3,,7.0,,3.9,,-9.1,
M,BS-SCI-BAL,NSA,BG,12.9,,13.9,,15.0,,13.5,,15.7,,18.1,,18.3,,16.1,,15.9,,12.9,,13.3,,12.4,,14.3,,10.6,,12.4,,13.3,,16.2,,16.3,,16.9,,14.2,,14.4,,12.7,,8.6,,10.0,,8.6,,8.0,,11.2,,9.3,,11.3,,14.2,,13.5,,12.8,,10.4,,10.1,,8.2,,4.3,
M,BS-SCI-BAL,NSA,CY,20.0,,28.1,,29.9,,26.2,,16.2,,26.8,,15.8,,29.1,,30.4,,23.4,,31.7,,8.8,,19.3,,17.4,,18.6,,20.5,,22.8,,22.7,,14.9,,24.8,,17.5,,34.5,,26.1,,24.6,,27.2,,31.8,,34.9,,25.2,,15.9,,14.7,,16.8,,8.7,,2.5,,11.5,,7.4,,10.6,
M,BS-SCI-BAL,NSA,CZ,22.1,,27.3,,22.6,,20.8,,21.9,,23.0,,22.7,,26.6,,27.2,,24.0,,23.4,,24.8,,23.1,,25.5,,25.8,,26.0,,28.0,,30.4,,28.6,,20.0,,32.2,,27.3,,34.1,,35.6,,29.8,,34.0,,33.6,,28.9,,39.6,,36.7,,33.0,,39.8,,39.2,,38.0,,37.3,,32.4,
M,BS-SCI-BAL,NSA,DE,4.4,,5.6,,9.9,,15.4,,12.1,,10.0,,8.8,,3.8,,2.1,,3.4,,1.3,,1.9,,2.9,,0.9,,2.4,,9.2,,12.9,,11.4,,10.9,,6.8,,6.6,,6.1,,0.0,,-2.7,,1.5,,2.8,,-0.2,,5.6,,6.0,,8.0,,6.6,,5.8,,1.4,,3.5,,1.9,,-1.7,
M,BS-SCI-BAL,NSA,DK,-6.5,,-4.9,,-3.1,,-0.5,,5.6,,6.6,,6.7,,4.9,,1.4,,0.3,,-3.4,,0.3,,0.1,,4.3,,2.2,,3.7,,6.5,,10.1,,9.2,,5.5,,6.3,,5.8,,5.9,,6.1,,5.2,,8.0,,4.3,,5.2,,6.4,,7.9,,10.2,,7.5,,9.3,,7.0,,6.8,,7.3,
M,BS-SCI-BAL,NSA,EA20,5.3,,6.5,,6.6,,10.8,,10.6,,9.7,,9.3,,6.6,,4.4,,3.7,,2.6,,3.7,,5.4,,4.4,,5.9,,7.6,,10.3,,10.1,,8.0,,7.7,,6.3,,6.1,,2.2,,1.6,,3.5,,4.4,,1.4,,3.1,,4.8,,5.9,,6.5,,5.2,,3.8,,3.3,,3.6,,2.2,
M,BS-SCI-BAL,NSA,EA21,5.4,,6.6,,6.6,,10.9,,10.7,,9.8,,9.4,,6.7,,4.5,,3.7,,2.6,,3.7,,5.5,,4.4,,5.9,,7.7,,10.3,,10.2,,8.1,,7.8,,6.3,,6.2,,2.3,,1.7,,3.5,,4.5,,1.5,,3.2,,4.9,,6.1,,6.7,,5.3,,3.9,,3.3,,3.7,,2.2,
M,BS-SCI-BAL,NSA,EE,-21.5,,-18.9,,-18.8,,-6.6,,-2.8,,-7.8,,-3.6,,-3.9,,-11.4,,-17.0,,-18.1,,-24.7,,-19.0,,-15.9,,-11.9,,-10.7,,-11.9,,-3.9,,0.8,,-3.4,,-6.0,,-7.7,,-11.2,,-14.3,,-8.9,,-6.2,,-2.6,,-1.5,,-0.6,,-3.6,,0.9,,5.2,,5.0,,2.6,,2.0,,-3.5,
M,BS-SCI-BAL,NSA,EL,12.0,,14.8,,16.3,,35.1,,34.1,,36.7,,47.1,,41.8,,38.2,,36.1,,40.0,,41.8,,34.3,,35.5,,37.2,,45.5,,52.4,,52.8,,41.9,,43.8,,47.4,,41.0,,23.4,,28.4,,25.5,,24.4,,23.3,,24.5,,25.6,,28.6,,33.3,,34.3,,37.1,,37.5,,35.1,,28.6,
M,BS-SCI-BAL,NSA,ES,7.6,,8.7,,10.2,,17.8,,19.6,,19.3,,18.0,,16.8,,11.9,,14.1,,11.1,,11.4,,16.0,,15.5,,19.1,,18.2,,17.5,,21.9,,17.2,,21.9,,14.2,,,:,,:,,:,,:,,:,,:,,:,,:,,:,,:,,:,,:,,:,,:,,:
M,BS-SCI-BAL,NSA,EU27_2020,4.0,,5.6,,5.6,,9.6,,9.6,,9.0,,8.8,,6.2,,4.1,,3.3,,2.0,,3.1,,4.9,,4.2,,5.6,,7.5,,10.0,,10.2,,8.2,,7.5,,6.5,,6.1,,2.8,,2.3,,3.7,,4.8,,2.1,,3.7,,5.4,,6.2,,7.2,,5.9,,4.6,,4.1,,4.4,,3.2,
M,BS-SCI-BAL,NSA,FI,-3.0,,4.0,,4.3,,4.0,,2.7,,3.3,,0.7,,0.0,,-7.0,,-7.7,,-7.0,,-1.7,,-0.7,,-3.7,,-5.0,,-4.0,,-4.0,,3.7,,4.3,,1.0,,-1.0,,1.7,,1.3,,0.7,,1.7,,3.7,,1.7,,0.0,,3.0,,7.7,,3.7,,6.0,,1.0,,2.0,,4.0,,-1.0,
M,BS-SCI-BAL,NSA,FR,3.6,,4.0,,-1.4,,-0.4,,0.5,,2.9,,4.4,,1.5,,0.1,,-0.9,,-1.2,,-3.2,,-1.5,,-5.2,,-1.7,,-4.7,,2.7,,1.7,,-0.8,,-0.1,,-1.7,,0.3,,-2.8,,-4.0,,-4.1,,-3.3,,-7.5,,-4.7,,-6.6,,-5.6,,-0.4,,-3.4,,-0.4,,-3.8,,-2.5,,-3.1,
M,BS-SCI-BAL,NSA,HR,12.3,,19.2,,26.0,,32.5,,30.6,,27.6,,22.9,,13.3,,11.5,,9.7,,12.8,,12.9,,19.6,,27.2,,32.0,,29.1,,30.9,,22.1,,21.5,,17.4,,15.3,,12.1,,19.2,,17.0,,12.4,,25.2,,17.9,,21.3,,24.3,,20.5,,10.0,,23.1,,7.5,,12.6,,6.1,,7.6,
M,BS-SCI-BAL,NSA,HU,-23.6,,-6.8,,-3.9,,-9.2,,-7.3,,-13.8,,-12.4,,-11.0,,-13.2,,-12.2,,-11.6,,-10.8,,-6.6,,-8.7,,-5.3,,-2.2,,-1.6,,-0.7,,-3.9,,-3.4,,-4.2,,-7.5,,-8.9,,-16.0,,-17.3,,-15.8,,-12.7,,-13.0,,-12.9,,-15.7,,-15.8,,-16.5,,-9.8,,-11.4,,-9.9,,-11.8,
M,BS-SCI-BAL,NSA,IE,29.2,,29.6,,31.1,,29.1,,37.8,,32.6,,31.2,,30.4,,24.8,,24.3,,19.0,,22.9,,26.5,,25.4,,25.8,,31.2,,26.8,,29.0,,26.1,,16.1,,12.2,,31.7,,16.2,,22.9,,15.1,,29.8,,25.7,,19.3,,21.0,,19.9,,26.7,,14.3,,14.3,,7.3,,13.7,,22.8,
M,BS-SCI-BAL,NSA,IT,3.7,,3.1,,3.5,,8.5,,8.4,,7.8,,8.2,,6.6,,2.5,,1.1,,-0.4,,5.0,,7.2,,5.5,,6.0,,6.8,,8.0,,6.9,,5.3,,6.3,,7.2,,0.0,,-1.5,,2.4,,3.7,,2.7,,-0.7,,-2.3,,4.5,,5.3,,2.8,,3.3,,2.3,,0.0,,2.9,,3.4,
M,BS-SCI-BAL,NSA,LT,8.7,,4.1,,2.1,,7.3,,5.8,,4.1,,3.5,,-0.6,,-0.4,,-1.3,,-5.8,,-7.2,,-16.5,,-17.9,,-13.4,,-9.2,,-2.0,,2.6,,2.4,,1.9,,1.0,,1.5,,7.4,,5.0,,1.3,,-3.0,,-1.6,,6.1,,6.5,,10.6,,7.4,,11.1,,6.9,,8.5,,4.8,,6.1,
M,BS-SCI-BAL,NSA,LV,2.7,,0.7,,1.9,,3.5,,1.4,,1.2,,0.9,,0.5,,3.5,,-4.0,,-4.6,,-3.4,,1.0,,-2.3,,0.1,,2.0,,5.3,,7.4,,5.3,,7.0,,4.0,,-0.1,,-2.9,,-5.1,,1.9,,1.6,,0.6,,4.0,,4.3,,5.0,,4.2,,3.7,,3.2,,0.7,,-0.7,,-2.3,
M,BS-SCI-BAL,NSA,ME,8.0,,11.9,,19.4,,29.2,,37.0,,43.6,,33.9,,18.9,,17.1,,2.2,,-2.6,,-2.7,,2.1,,5.5,,19.0,,28.5,,39.0,,43.4,,39.7,,31.1,,16.4,,3.6,,-1.0,,-1.3,,13.7,,9.9,,15.5,,22.5,,25.9,,30.9,,27.1,,17.4,,12.7,,15.8,,22.3,,-4.8,
M,BS-SCI-BAL,NSA,MK,8.1,,4.6,,12.6,,14.3,,19.4,,20.1,,15.6,,10.2,,12.5,,11.0,,4.5,,2.3,,5.8,,8.4,,10.4,,13.0,,16.4,,9.3,,19.2,,10.1,,12.4,,12.2,,7.2,,7.7,,11.2,,6.9,,12.1,,13.2,,19.8,,18.4,,14.2,,18.1,,13.4,,5.8,,4.6,,5.4,
M,BS-SCI-BAL,NSA,MT,12.1,,36.6,,43.3,,43.9,,42.7,,49.0,,34.3,,8.3,,14.6,,18.8,,-4.5,,20.4,,5.5,,12.7,,3.5,,17.3,,21.9,,28.1,,24.3,,26.9,,11.1,,31.7,,24.8,,7.6,,26.4,,7.6,,19.6,,11.3,,28.6,,15.5,,9.3,,32.3,,53.0,,35.2,,31.6,,47.6,
M,BS-SCI-BAL,NSA,NL,4.5,,7.8,,6.3,,6.9,,8.6,,5.3,,3.3,,4.4,,5.0,,1.2,,1.2,,2.7,,3.8,,5.4,,4.8,,4.6,,7.4,,7.3,,6.2,,5.9,,4.8,,4.3,,4.5,,5.0,,4.0,,5.5,,4.9,,5.1,,5.6,,6.5,,6.7,,8.1,,4.5,,3.3,,4.6,,3.8,
M,BS-SCI-BAL,NSA,PL,-17.6,,-14.9,,-12.7,,-6.9,,-7.0,,-4.4,,-4.5,,-2.7,,-3.6,,-3.0,,-3.9,,-4.4,,-4.3,,-3.8,,-3.4,,-1.2,,0.2,,-0.9,,-0.8,,-1.3,,-1.7,,-2.3,,-4.3,,-4.0,,-7.7,,-5.3,,-5.2,,-3.1,,-2.9,,-1.7,,-1.6,,-1.1,,-1.8,,-2.7,,-2.7,,-3.5,
M,BS-SCI-BAL,NSA,PT,-1.4,,9.8,,4.2,,19.8,,18.2,,22.8,,16.3,,10.9,,2.7,,-2.7,,-6.3,,-7.5,,-3.6,,0.1,,2.2,,9.8,,11.7,,12.2,,9.4,,6.0,,4.3,,11.8,,9.6,,7.0,,10.1,,2.2,,-1.5,,6.0,,20.0,,24.8,,18.8,,17.9,,8.9,,6.5,,-0.4,,-1.7,
M,BS-SCI-BAL,NSA,RO,1.2,,5.8,,1.9,,3.2,,6.8,,5.9,,9.0,,6.9,,4.4,,3.8,,3.3,,4.1,,1.5,,2.7,,4.2,,7.7,,7.7,,7.3,,6.8,,9.7,,7.2,,9.3,,6.6,,4.8,,1.3,,2.1,,3.5,,2.2,,5.1,,4.2,,4.6,,3.8,,2.0,,-0.2,,-0.1,,-1.2,
M,BS-SCI-BAL,NSA,RS,1.1,,0.2,,7.9,,8.2,,11.1,,6.5,,4.6,,10.4,,3.1,,4.2,,9.2,,2.2,,6.5,,6.2,,11.4,,14.3,,13.2,,19.0,,14.9,,13.3,,12.4,,10.2,,8.1,,8.9,,4.7,,-2.7,,-2.5,,2.4,,-4.1,,-5.0,,-5.5,,1.7,,1.0,,-0.2,,-3.4,,-7.4,
M,BS-SCI-BAL,NSA,SE,-1.0,,2.7,,1.3,,2.7,,4.4,,7.1,,9.4,,0.8,,0.3,,-4.5,,-7.7,,-6.4,,0.0,,1.9,,4.6,,9.7,,12.6,,18.3,,16.3,,9.0,,11.9,,7.9,,9.5,,11.3,,14.0,,16.7,,12.4,,17.4,,16.2,,13.1,,21.9,,18.8,,17.1,,19.1,,20.0,,23.3,
M,BS-SCI-BAL,NSA,SI,15.7,,18.9,,19.1,,18.5,,21.0,,17.4,,14.8,,12.7,,13.6,,13.0,,11.6,,11.3,,11.7,,17.7,,15.4,,17.8,,18.7,,18.1,,17.1,,16.6,,17.5,,14.1,,14.2,,11.9,,13.9,,16.3,,15.1,,19.0,,20.0,,18.3,,17.0,,17.4,,14.5,,16.6,,13.7,,15.5,
M,BS-SCI-BAL,NSA,SK,4.3,,-5.7,,1.7,,0.0,,9.3,,8.3,,4.7,,0.7,,13.7,,10.7,,8.7,,4.3,,8.7,,24.3,,19.0,,11.0,,-1.0,,13.3,,10.0,,7.3,,13.3,,0.3,,-4.3,,12.0,,9.3,,12.7,,9.7,,6.3,,-2.3,,-0.3,,-0.7,,3.0,,5.7,,-3.0,,5.7,,2.3,
M,BS-SCI-BAL,NSA,TR,18.3,,16.5,,17.7,,24.6,,24.7,,26.0,,28.3,,27.1,,22.8,,20.3,,15.7,,11.5,,13.6,,18.4,,22.1,,25.6,,27.0,,26.0,,25.2,,22.2,,19.9,,19.5,,13.9,,12.5,,17.6,,18.8,,19.7,,18.7,,21.9,,24.0,,23.3,,23.4,,22.1,,19.9,,17.2,,13.9,
M,BS-SCI-BAL,SA,AL,26.1,,26.7,,27.1,,24.2,,26.4,,29.6,,22.9,,30.0,,25.3,,26.7,,27.5,,30.1,,24.5,,22.6,,28.7,,29.5,,30.7,,28.3,,30.6,,26.3,,27.9,,28.0,,29.8,,27.4,,27.8,,24.4,,26.0,,26.8,,30.1,,25.6,,27.6,,27.1,,27.8,,28.7,,23.1,,22.9,
M,BS-SCI-BAL,SA,AT,9.7,,12.5,,3.8,,8.0,,6.6,,0.3,,0.2,,0.1,,-5.5,,-3.0,,-5.2,,-3.4,,0.0,,1.1,,3.9,,4.0,,5.5,,1.5,,0.6,,0.6,,5.5,,3.3,,4.2,,0.8,,5.0,,5.7,,3.8,,0.9,,7.0,,4.9,,9.5,,5.7,,2.7,,7.5,,6.1,,11.5,
M,BS-SCI-BAL,SA,BE,0.7,,-0.5,,2.9,,7.5,,6.3,,3.2,,3.5,,-1.4,,4.5,,-4.7,,5.7,,12.2,,4.8,,10.8,,3.4,,5.0,,-0.2,,1.5,,-0.9,,8.9,,3.3,,4.7,,7.3,,-1.7,,7.3,,-0.9,,-2.1,,-8.2,,-0.2,,3.5,,2.3,,-1.7,,-3.4,,7.5,,5.0,,-6.4,
M,BS-SCI-BAL,SA,BG,14.5,,15.0,,15.4,,12.9,,12.7,,15.0,,15.8,,15.8,,16.3,,13.8,,15.3,,15.4,,16.0,,11.7,,12.7,,12.7,,13.2,,13.3,,14.4,,13.8,,14.8,,13.6,,10.6,,13.1,,10.3,,9.1,,11.6,,8.7,,8.3,,11.2,,11.0,,12.4,,10.8,,10.9,,10.2,,7.4,
M,BS-SCI-BAL,SA,CY,20.7,,24.0,,24.9,,20.8,,17.1,,25.7,,19.2,,29.2,,29.6,,22.6,,30.9,,15.3,,21.0,,16.8,,14.2,,17.2,,23.0,,22.5,,18.6,,25.4,,20.8,,33.7,,27.1,,27.2,,27.0,,27.7,,27.3,,20.3,,15.3,,15.8,,19.3,,11.2,,7.8,,13.5,,11.5,,13.2,
M,BS-SCI-BAL,SA,CZ,24.7,,27.3,,22.8,,20.2,,20.4,,21.2,,21.8,,26.9,,26.3,,24.0,,23.1,,27.5,,25.8,,25.5,,26.0,,25.4,,26.5,,28.5,,27.8,,20.4,,31.2,,27.3,,33.8,,38.3,,32.5,,34.0,,33.7,,28.3,,38.0,,34.9,,32.3,,40.1,,38.2,,38.0,,36.9,,35.1,
M,BS-SCI-BAL,SA,DE,8.4,,8.9,,11.3,,10.4,,6.8,,5.9,,5.7,,2.5,,2.3,,4.3,,5.0,,7.5,,6.1,,3.9,,3.7,,5.6,,8.0,,7.3,,7.8,,5.4,,6.6,,6.4,,3.3,,2.9,,4.2,,5.4,,1.9,,2.2,,1.7,,4.2,,3.9,,4.6,,1.7,,3.7,,4.6,,3.3,
M,BS-SCI-BAL,SA,DK,-1.3,,-2.3,,-1.9,,-1.4,,2.4,,2.8,,2.5,,2.3,,0.8,,1.8,,0.5,,3.3,,3.0,,4.6,,3.3,,3.5,,4.2,,6.3,,6.0,,4.6,,5.7,,6.9,,8.4,,7.8,,7.4,,7.9,,5.5,,5.4,,5.7,,6.1,,7.4,,6.4,,8.0,,7.2,,8.3,,9.0,
M,BS-SCI-BAL,SA,EA20,8.5,,8.1,,8.1,,9.5,,7.2,,6.4,,6.2,,4.9,,4.4,,4.7,,5.1,,7.6,,7.9,,5.6,,6.6,,6.8,,7.1,,7.0,,5.3,,6.3,,6.3,,7.0,,4.6,,5.2,,5.6,,5.1,,2.4,,1.9,,2.0,,3.2,,4.3,,4.0,,3.9,,4.2,,5.8,,5.6,
M,BS-SCI-BAL,SA,EA21,8.2,,7.7,,7.8,,9.0,,7.2,,5.8,,6.1,,5.2,,4.9,,5.3,,5.7,,7.7,,7.5,,5.7,,6.9,,6.4,,7.1,,6.5,,5.3,,6.3,,6.4,,7.0,,4.9,,5.3,,5.2,,5.2,,3.3,,2.6,,2.5,,2.9,,3.9,,3.7,,4.2,,4.4,,5.9,,5.8,
M,BS-SCI-BAL,SA,EE,-15.0,,-13.0,,-13.0,,-9.8,,-7.9,,-13.8,,-11.2,,-9.2,,-14.3,,-17.9,,-13.7,,-16.7,,-12.0,,-10.0,,-8.0,,-12.4,,-16.4,,-10.7,,-5.3,,-9.1,,-9.0,,-7.9,,-7.7,,-5.9,,-2.3,,-0.7,,1.0,,-3.1,,-5.5,,-9.2,,-4.9,,-1.1,,2.5,,2.2,,4.6,,5.4,
M,BS-SCI-BAL,SA,EL,19.1,,18.0,,18.1,,36.6,,34.1,,35.4,,43.0,,36.9,,29.9,,31.2,,36.4,,40.6,,37.5,,37.6,,39.4,,45.4,,47.8,,47.3,,36.7,,40.4,,42.2,,41.1,,26.5,,33.1,,31.6,,27.8,,27.8,,29.8,,28.3,,27.9,,28.7,,29.3,,29.7,,34.7,,35.3,,31.5,
M,BS-SCI-BAL,SA,ES,11.5,,9.6,,8.8,,12.9,,15.0,,15.7,,17.1,,16.1,,14.1,,16.4,,14.8,,15.0,,18.8,,15.2,,17.2,,13.9,,14.1,,19.0,,17.1,,21.1,,16.5,,,:,,:,,:,,:,,:,,:,,:,,:,,:,,:,,:,,:,,:,,:,,:
M,BS-SCI-BAL,SA,EU27_2020,7.3,,6.8,,6.5,,7.4,,5.9,,5.5,,5.8,,4.8,,4.6,,5.0,,5.1,,6.7,,7.0,,5.1,,6.2,,6.5,,6.9,,7.2,,5.5,,6.1,,6.5,,7.1,,5.3,,5.6,,5.3,,5.1,,3.1,,2.8,,3.3,,4.0,,5.1,,5.2,,5.1,,5.3,,6.5,,6.4,
M,BS-SCI-BAL,SA,FI,-0.1,,2.3,,4.3,,3.6,,1.7,,0.3,,-0.7,,-0.9,,-4.3,,-5.9,,-6.2,,-1.2,,-1.1,,-3.3,,-5.2,,-4.4,,-3.5,,1.2,,3.5,,0.9,,0.8,,2.2,,2.7,,1.9,,0.2,,1.9,,1.7,,1.3,,2.3,,4.8,,3.6,,7.0,,3.1,,3.3,,5.2,,-0.6,
M,BS-SCI-BAL,SA,FR,5.2,,6.0,,1.6,,1.5,,1.0,,1.4,,0.5,,-1.7,,-1.5,,-1.3,,-0.9,,-1.8,,0.1,,-3.3,,1.1,,-2.6,,3.3,,0.2,,-4.5,,-3.4,,-3.4,,-0.1,,-2.7,,-2.6,,-2.6,,-1.5,,-4.7,,-2.7,,-5.9,,-6.9,,-4.0,,-6.7,,-2.0,,-4.1,,-2.4,,-1.6,
M,BS-SCI-BAL,SA,HR,18.6,,20.7,,23.3,,27.4,,22.6,,20.7,,18.3,,10.7,,13.8,,13.5,,19.3,,22.7,,25.8,,28.5,,29.1,,24.0,,22.8,,15.3,,17.2,,14.8,,17.6,,15.8,,25.7,,26.8,,18.7,,26.4,,15.0,,16.1,,16.1,,13.7,,5.8,,20.4,,9.8,,16.2,,12.7,,17.5,
M,BS-SCI-BAL,SA,HU,-22.3,,-6.0,,-2.6,,-9.9,,-9.5,,-15.4,,-13.1,,-12.6,,-14.5,,-12.1,,-10.5,,-7.4,,-5.2,,-7.9,,-4.0,,-2.9,,-3.8,,-2.3,,-4.5,,-4.9,,-5.5,,-7.5,,-7.9,,-12.7,,-15.9,,-15.0,,-11.4,,-13.6,,-15.0,,-17.3,,-16.4,,-17.9,,-11.2,,-11.3,,-8.9,,-8.6,
M,BS-SCI-BAL,SA,IE,27.6,,27.1,,30.4,,27.6,,35.2,,30.8,,30.8,,31.7,,27.3,,26.9,,21.5,,25.2,,24.9,,22.7,,25.0,,29.7,,24.3,,27.2,,25.7,,17.5,,14.8,,34.3,,18.8,,25.1,,13.5,,27.0,,25.0,,17.8,,18.5,,18.2,,26.1,,15.7,,16.8,,9.9,,16.3,,25.0,
M,BS-SCI-BAL,SA,IT,5.0,,3.7,,4.3,,8.5,,4.7,,4.4,,6.1,,5.4,,3.4,,4.3,,2.0,,7.0,,7.6,,5.4,,6.2,,6.9,,5.0,,4.6,,3.6,,5.0,,6.7,,2.6,,0.8,,4.6,,4.0,,2.6,,0.2,,-1.2,,1.8,,2.6,,1.1,,2.9,,3.1,,3.1,,4.7,,5.5,
M,BS-SCI-BAL,SA,LT,12.8,,7.1,,3.5,,5.6,,4.9,,1.6,,1.6,,-1.7,,-1.6,,-2.3,,-6.5,,-4.5,,-12.6,,-14.8,,-11.9,,-10.9,,-3.0,,0.0,,0.4,,0.7,,-0.1,,0.4,,6.7,,7.6,,5.2,,0.3,,-0.1,,4.4,,5.6,,8.0,,5.4,,9.9,,5.8,,7.5,,4.1,,8.6,
M,BS-SCI-BAL,SA,LV,3.4,,2.6,,4.1,,2.2,,-1.6,,-2.9,,-3.3,,-2.6,,2.3,,-2.1,,-0.5,,2.8,,1.7,,-0.4,,2.3,,0.7,,2.4,,3.3,,1.1,,3.9,,2.9,,1.8,,1.2,,1.2,,2.5,,3.4,,2.7,,2.6,,1.4,,0.9,,0.1,,0.6,,2.0,,2.6,,3.4,,4.0,
M,BS-SCI-BAL,SA,ME,18.3,,20.1,,21.7,,19.1,,19.7,,22.6,,18.1,,12.3,,18.1,,15.0,,12.9,,17.4,,12.5,,14.1,,21.2,,18.8,,22.0,,22.4,,23.8,,24.6,,17.7,,15.8,,13.4,,18.9,,24.0,,18.5,,17.5,,13.3,,9.5,,10.4,,11.4,,11.1,,14.2,,27.3,,35.7,,15.5,
M,BS-SCI-BAL,SA,MK,12.4,,9.2,,14.9,,13.1,,15.1,,16.0,,12.2,,5.9,,9.0,,10.7,,7.9,,9.1,,10.0,,12.9,,14.3,,10.1,,12.0,,5.2,,15.8,,5.9,,8.9,,12.0,,10.6,,14.5,,15.4,,11.4,,14.2,,12.0,,15.4,,14.4,,10.8,,13.8,,9.9,,5.7,,8.0,,12.1,
M,BS-SCI-BAL,SA,MT,19.0,,32.4,,39.6,,38.5,,34.5,,37.4,,27.5,,8.5,,16.9,,24.8,,5.5,,27.8,,11.5,,13.9,,5.6,,14.8,,15.0,,18.4,,18.5,,24.1,,9.2,,33.5,,32.3,,13.7,,30.1,,8.5,,21.2,,10.9,,24.7,,10.6,,7.1,,29.3,,51.6,,39.7,,40.9,,52.8,
M,BS-SCI-BAL,SA,NL,7.0,,8.0,,6.7,,5.7,,5.5,,3.0,,2.1,,3.5,,5.6,,3.4,,3.3,,4.4,,5.4,,5.1,,4.9,,3.7,,4.6,,5.3,,5.3,,5.1,,5.6,,6.5,,6.4,,6.4,,5.2,,5.0,,4.8,,4.3,,3.2,,4.7,,5.8,,7.1,,5.6,,5.6,,6.3,,5.2,
M,BS-SCI-BAL,SA,PL,-14.9,,-12.5,,-10.7,,-7.0,,-8.1,,-6.0,,-6.5,,-4.6,,-5.3,,-3.6,,-3.8,,-2.8,,-1.6,,-1.4,,-1.4,,-1.4,,-0.9,,-2.4,,-2.8,,-3.2,,-3.3,,-2.8,,-4.1,,-2.4,,-4.9,,-2.9,,-3.2,,-3.3,,-4.0,,-3.3,,-3.6,,-2.9,,-3.4,,-3.2,,-2.5,,-1.9,
M,BS-SCI-BAL,SA,PT,5.6,,15.6,,9.8,,17.2,,10.3,,11.8,,8.7,,5.3,,2.0,,-1.8,,-0.3,,2.4,,3.3,,5.8,,7.8,,7.3,,3.7,,1.2,,1.9,,0.5,,3.7,,12.7,,15.6,,16.7,,16.9,,8.0,,4.3,,3.6,,12.0,,13.7,,11.3,,12.3,,8.3,,7.4,,5.6,,8.0,
M,BS-SCI-BAL,SA,RO,4.4,,8.3,,5.9,,4.7,,4.9,,5.1,,6.4,,3.5,,1.6,,2.7,,3.8,,5.3,,4.9,,5.2,,7.7,,9.0,,5.8,,6.5,,4.4,,6.5,,4.7,,8.1,,7.0,,5.9,,4.7,,4.6,,6.8,,3.4,,3.2,,3.3,,2.1,,0.7,,-0.3,,-1.3,,0.3,,-0.2,
M,BS-SCI-BAL,SA,RS,4.5,,0.9,,6.4,,4.2,,7.5,,4.8,,5.6,,8.8,,2.5,,4.5,,10.8,,7.5,,9.9,,7.2,,10.1,,10.3,,10.4,,17.1,,15.8,,11.9,,11.5,,10.4,,9.5,,13.7,,8.0,,-1.5,,-3.6,,-1.6,,-6.4,,-6.5,,-4.4,,0.4,,-0.1,,-0.1,,-2.0,,-2.6,
M,BS-SCI-BAL,SA,SE,1.9,,3.8,,2.8,,1.2,,2.0,,4.2,,5.3,,0.0,,0.6,,-3.3,,-4.4,,-2.6,,2.0,,2.4,,6.3,,8.0,,10.1,,14.9,,12.4,,8.1,,12.3,,9.2,,12.2,,14.2,,15.7,,16.5,,13.4,,15.5,,14.6,,12.2,,19.1,,17.8,,17.8,,20.5,,22.1,,25.2,
M,BS-SCI-BAL,SA,SI,17.9,,19.9,,20.8,,17.9,,18.2,,14.4,,12.8,,11.6,,14.0,,13.2,,12.9,,14.0,,14.0,,18.7,,17.1,,17.0,,15.9,,15.2,,15.1,,15.5,,17.8,,14.3,,15.5,,14.6,,16.2,,17.3,,16.9,,18.2,,17.2,,15.4,,15.0,,16.3,,14.9,,16.8,,15.0,,18.2,
M,BS-SCI-BAL,SA,SK,7.5,,-4.6,,1.4,,-0.5,,8.6,,8.5,,5.7,,0.1,,11.8,,8.7,,7.5,,6.0,,11.7,,25.4,,18.7,,10.5,,-1.7,,13.5,,11.1,,6.8,,11.5,,-1.5,,-5.5,,13.6,,12.3,,13.7,,9.3,,5.8,,-3.0,,-0.1,,0.4,,2.5,,3.8,,-4.8,,4.5,,4.0,
M,BS-SCI-BAL,SA,TR,22.7,,19.9,,21.4,,23.4,,21.9,,22.4,,22.6,,22.8,,21.0,,20.6,,21.0,,19.8,,19.5,,20.7,,21.7,,21.9,,22.2,,20.7,,20.3,,19.1,,19.3,,20.5,,19.3,,20.8,,21.6,,20.1,,19.2,,18.0,,19.1,,19.7,,19.4,,20.7,,21.2,,20.8,,21.0,,20.9,
